{"stats":{"minecraft:crafted":{"minecraft:oak_planks":240,"iceandfire:myrmex_desert_boots":1,"iceandfire:tide_deepblue_chestplate":1,"minecraft:bow":1,"minecraft:iron_boots":2,"minecraft:wooden_shovel":1,"minecraft:crafting_table":5,"minecraft:wooden_pickaxe":1,"minecraft:iron_helmet":1,"iceandfire:tide_deepblue_leggings":1,"iceandfire:tide_blue_helmet":1,"minecraft:iron_chestplate":1,"minecraft:stick":84,"minecraft:iron_ingot":18,"minecraft:iron_pickaxe":2,"minecraft:stone_sword":1,"minecraft:gold_ingot":7,"minecraft:coal":63,"minecraft:furnace":1,"minecraft:iron_axe":1,"iceandfire:tide_bronze_helmet":1,"minecraft:stone_pickaxe":1,"minecraft:wheat":819,"minecraft:coal_block":46,"minecraft:iron_sword":2,"minecraft:bucket":1,"minecraft:stone_axe":1,"minecraft:bread":285,"minecraft:air":0,"minecraft:golden_apple":1,"minecraft:wooden_axe":3,"minecraft:iron_leggings":1,"minecraft:white_bed":1,"minecraft:torch":240},"minecraft:mined":{"minecraft:white_bed":10,"iceandfire:graveyard_soil":4,"minecraft:brewing_stand":1,"minecraft:granite":7,"minecraft:grass_block":8,"gobber2:gobber2_lucky_block":2,"minecraft:oxeye_daisy":1,"minecraft:tall_seagrass":5,"minecraft:iron_ore":46,"minecraft:fire":1,"minecraft:anvil":1,"minecraft:kelp_plant":1,"minecraft:torch":5,"minecraft:blast_furnace":1,"minecraft:white_stained_glass_pane":1,"minecraft:cobblestone":16,"minecraft:sugar_cane":3,"minecraft:oak_planks":19,"minecraft:wall_torch":4,"minecraft:skeleton_skull":1,"minecraft:seagrass":4,"minecraft:white_terracotta":1,"minecraft:wheat":13,"minecraft:wither_rose":1,"minecraft:grass":18,"minecraft:oak_log":10,"minecraft:sand":42,"minecraft:dirt":25,"minecraft:diamond_ore":2,"iceandfire:silver_ore":13,"minecraft:mossy_cobblestone":4,"minecraft:dark_oak_leaves":6,"minecraft:kelp":1,"minecraft:sandstone":4,"iceandfire:myrmex_desert_biolight":3,"minecraft:hay_block":115,"minecraft:redstone_ore":23,"minecraft:furnace":2,"iceandfire:copper_ore":3,"minecraft:andesite":9,"minecraft:bookshelf":8,"minecraft:vine":1,"minecraft:stone":285,"minecraft:smithing_table":2,"minecraft:oak_slab":1,"minecraft:scaffolding":4,"minecraft:oak_fence":3,"minecraft:crafting_table":9,"minecraft:lectern":1,"minecraft:tall_grass":4,"minecraft:diorite":4,"minecraft:lime_bed":9,"iceandfire:ash":8,"minecraft:coal_ore":221,"minecraft:cobweb":1,"minecraft:gold_ore":5,"minecraft:infested_stone":5,"minecraft:fern":1},"minecraft:broken":{"minecraft:golden_boots":1,"iceandfire:copper_sword":1,"minecraft:iron_pickaxe":1},"minecraft:killed_by":{"iceandfire:myrmex_royal":1,"artifacts:mimic":1,"minecraft:player":2,"iceandfire:myrmex_sentinel":1},"minecraft:killed":{"minecraft:cave_spider":2,"minecraft:witch":1,"minecraft:spider":12,"iceandfire:stymphalian_bird":1,"minecraft:skeleton":35,"minecraft:silverfish":3,"artifacts:mimic":2,"iceandfire:myrmex_worker":10,"minecraft:iron_golem":1,"minecraft:creeper":7,"minecraft:sheep":3,"minecraft:zombie":29,"blocklings:blockling":1,"iceandfire:sea_serpent":4,"minecraft:horse":1,"iceandfire:siren":5,"minecraft:drowned":12,"iceandfire:deathworm":2,"iceandfire:myrmex_sentinel":2,"iceandfire:hippocampus":2,"minecraft:husk":2,"iceandfire:ghost":4},"minecraft:used":{"minecraft:writable_book":1,"minecraft:poppy":2,"gobber2:gobber2_gooey_bread":1,"minecraft:shield":87,"minecraft:iron_sword":302,"minecraft:obsidian":5,"minecraft:lava_bucket":3,"minecraft:repeater":1,"minecraft:bow":9,"minecraft:furnace":2,"minecraft:egg":1,"minecraft:stone_pickaxe":62,"minecraft:oak_planks":147,"minecraft:wooden_pickaxe":9,"minecraft:sandstone":8,"minecraft:golden_apple":1,"minecraft:sand":25,"travelersbackpack:bee":5,"minecraft:lever":1,"minecraft:bread":116,"minecraft:andesite":2,"minecraft:flint_and_steel":1,"minecraft:wooden_shovel":9,"minecraft:torch":206,"minecraft:dirt":26,"iceandfire:copper_sword":299,"minecraft:granite":7,"minecraft:wooden_axe":8,"minecraft:iron_axe":9,"minecraft:smooth_sandstone":1,"minecraft:barrel":1,"minecraft:water_bucket":30,"minecraft:crafting_table":12,"minecraft:lime_bed":7,"minecraft:white_bed":11,"minecraft:oxeye_daisy":1,"minecraft:iron_pickaxe":597,"iceandfire:graveyard_soil":1,"iceandfire:ash":1,"minecraft:stone_axe":36,"minecraft:cobblestone":144,"minecraft:bucket":34},"minecraft:custom":{"minecraft:interact_with_crafting_table":42,"minecraft:open_barrel":15,"minecraft:bell_ring":31,"minecraft:leave_game":12,"minecraft:time_since_death":6575,"minecraft:sprint_one_cm":925418,"minecraft:damage_blocked_by_shield":2280,"minecraft:drop":260,"minecraft:talked_to_villager":2,"minecraft:deaths":6,"minecraft:jump":6125,"minecraft:walk_on_water_one_cm":78283,"minecraft:interact_with_furnace":27,"minecraft:play_one_minute":398515,"minecraft:sleep_in_bed":14,"minecraft:damage_dealt":32338,"minecraft:crouch_one_cm":27148,"minecraft:inspect_dispenser":3,"minecraft:horse_one_cm":9226,"minecraft:mob_kills":147,"minecraft:interact_with_anvil":1,"minecraft:climb_one_cm":9687,"minecraft:walk_one_cm":629639,"minecraft:sneak_time":10488,"minecraft:walk_under_water_one_cm":104441,"minecraft:boat_one_cm":316198,"minecraft:interact_with_blast_furnace":1,"minecraft:time_since_rest":6617,"minecraft:damage_taken":2147483647,"minecraft:damage_absorbed":19,"minecraft:trigger_trapped_chest":4,"minecraft:swim_one_cm":326685,"minecraft:fly_one_cm":1917633,"minecraft:open_chest":42,"minecraft:fall_one_cm":292341},"minecraft:dropped":{"minecraft:iron_sword":2,"minecraft:lapis_lazuli":24,"minecraft:golden_pickaxe":2,"minecraft:crafting_table":2,"minecraft:leather":4,"iceandfire:ectoplasm":1,"minecraft:cracked_stone_bricks":2,"artifacts:universal_attractor":1,"minecraft:rail":3,"iceandfire:graveyard_soil":1,"minecraft:flint":1,"iceandfire:sea_serpent_scales_teal":7,"iceandfire:tide_blue_helmet":1,"iceandfire:copper_ingot":1,"minecraft:dirt":3,"minecraft:mutton":4,"minecraft:wooden_sword":1,"minecraft:writable_book":2,"minecraft:sand":10,"gobber2:gobber2_goo":2,"minecraft:iron_pickaxe":1,"minecraft:white_wool":1,"minecraft:gold_ingot":4,"minecraft:bone":72,"minecraft:gravel":4,"minecraft:stone_axe":4,"minecraft:sugar_cane":7,"minecraft:birch_sapling":1,"minecraft:wheat":1,"minecraft:rotten_flesh":42,"minecraft:oak_planks":40,"minecraft:cooked_mutton":4,"minecraft:white_bed":1,"iceandfire:copper_ore":6,"iceandfire:shiny_scales":6,"minecraft:poppy":2,"minecraft:lime_bed":1,"minecraft:gunpowder":11,"minecraft:skeleton_skull":2,"minecraft:leather_boots":1,"minecraft:iron_ore":11,"minecraft:arrow":35,"iceandfire:sea_serpent_scales_blue":2,"iceandfire:manuscript":1,"minecraft:enchanted_book":1,"minecraft:iron_ingot":23,"minecraft:bread":195,"minecraft:oak_slab":1,"minecraft:wheat_seeds":110,"minecraft:mossy_cobblestone":5,"minecraft:prismarine_shard":2,"minecraft:oak_fence":6,"minecraft:iron_helmet":3,"minecraft:cobblestone":315,"minecraft:prismarine_crystals":7,"minecraft:apple":6,"minecraft:granite":4,"minecraft:coal":5,"minecraft:stick":13,"minecraft:diorite":6,"minecraft:brewing_stand":1,"iceandfire:copper_nugget":1,"minecraft:torch":5,"minecraft:wooden_axe":3,"minecraft:iron_leggings":1,"minecraft:wither_rose":3,"minecraft:string":16,"minecraft:blue_carpet":1,"minecraft:bucket":1,"minecraft:redstone":114,"minecraft:stone_sword":2,"minecraft:cobblestone_wall":2,"minecraft:iron_boots":3,"iceandfire:silver_ore":18,"minecraft:name_tag":1,"minecraft:white_terracotta":1,"minecraft:blast_furnace":1,"minecraft:hay_block":12,"minecraft:shield":1,"iceandfire:myrmex_desert_biolight":1,"minecraft:iron_chestplate":2,"minecraft:andesite":8,"iceandfire:silver_ingot":11,"minecraft:mossy_stone_bricks":3,"minecraft:golden_leggings":2,"minecraft:oak_sapling":9,"minecraft:wooden_shovel":1,"minecraft:spider_eye":9,"minecraft:stone_bricks":3,"minecraft:sandstone":14,"minecraft:bow":2,"minecraft:stone_pickaxe":2,"minecraft:wooden_pickaxe":1},"minecraft:picked_up":{"minecraft:wheat":37,"minecraft:prismarine_shard":2,"minecraft:anvil":1,"iceandfire:copper_ore":6,"minecraft:smithing_table":2,"minecraft:wither_rose":2,"minecraft:brewing_stand":1,"iceandfire:myrmex_desert_biolight":1,"minecraft:string":19,"iceandfire:sea_serpent_scales_teal":7,"iceandfire:sea_serpent_scales_bronze":5,"iceandfire:myrmex_desert_resin":11,"minecraft:furnace":2,"minecraft:stick":16,"artifacts:universal_attractor":1,"minecraft:oak_fence":6,"scuba_gear:scuba_helmet":1,"minecraft:torch":53,"iceandfire:silver_ore":18,"minecraft:diorite":6,"minecraft:rotten_flesh":40,"iceandfire:myrmex_desert_chitin":7,"minecraft:white_terracotta":1,"minecraft:cobblestone":348,"minecraft:repeater":1,"minecraft:andesite":10,"minecraft:golden_leggings":1,"minecraft:flint":1,"minecraft:acacia_boat":1,"minecraft:dirt":31,"minecraft:bone":44,"minecraft:bow":3,"minecraft:wheat_seeds":109,"travelersbackpack:bee":1,"minecraft:mossy_stone_bricks":3,"minecraft:oak_planks":20,"gobber2:gobber2_gooey_bread":1,"iceandfire:shiny_scales":23,"minecraft:sand":35,"iceandfire:myrmex_stinger":4,"minecraft:mossy_cobblestone":5,"minecraft:diamond":2,"minecraft:lever":1,"minecraft:writable_book":2,"minecraft:granite":11,"minecraft:oak_sapling":9,"gobber2:gobber2_goo":2,"iceandfire:copper_ingot":1,"minecraft:crafting_table":9,"iceandfire:sea_serpent_scales_blue":7,"iceandfire:graveyard_soil":2,"minecraft:cracked_stone_bricks":2,"minecraft:poppy":4,"minecraft:lectern":1,"minecraft:sugar_cane":7,"minecraft:birch_sapling":1,"minecraft:egg":1,"minecraft:sandstone":22,"iceandfire:deathworm_chitin_red":3,"iceandfire:deathworm_chitin_white":2,"minecraft:redstone":101,"minecraft:prismarine_crystals":7,"minecraft:blue_carpet":1,"minecraft:arrow":44,"minecraft:hay_block":115,"artifacts:pocket_piston":1,"minecraft:gold_ingot":1,"minecraft:mutton":4,"minecraft:rail":3,"minecraft:skeleton_skull":1,"minecraft:white_wool":4,"minecraft:oxeye_daisy":1,"minecraft:lime_bed":10,"iceandfire:sea_serpent_fang":21,"minecraft:leather":4,"minecraft:oak_log":28,"iceandfire:ectoplasm":1,"minecraft:cobblestone_wall":2,"minecraft:gunpowder":6,"minecraft:smooth_sandstone":1,"minecraft:apple":4,"minecraft:stone_bricks":3,"minecraft:iron_ingot":7,"scuba_gear:scuba_leggings":1,"minecraft:iron_ore":50,"iceandfire:sea_serpent_scales_deepblue":13,"minecraft:book":24,"minecraft:scaffolding":4,"minecraft:oak_slab":1,"iceandfire:copper_nugget":1,"iceandfire:ash":1,"minecraft:gravel":4,"iceandfire:hippocampus_fin":1,"minecraft:blast_furnace":1,"minecraft:white_bed":10,"minecraft:gold_ore":5,"minecraft:spider_eye":7,"minecraft:stone_axe":2,"minecraft:coal":259,"minecraft:ender_pearl":1}},"DataVersion":2586}