{"stats":{"minecraft:broken":{"minecraft:golden_boots":1,"minecraft:iron_pickaxe":1},"minecraft:killed_by":{"minecraft:player":1,"artifacts:mimic":1},"minecraft:dropped":{"minecraft:iron_ingot":1,"minecraft:bread":131,"minecraft:oak_slab":1,"minecraft:wheat_seeds":101,"minecraft:lapis_lazuli":24,"minecraft:golden_pickaxe":1,"minecraft:mossy_cobblestone":4,"minecraft:crafting_table":1,"minecraft:oak_fence":1,"minecraft:cobblestone":216,"minecraft:prismarine_crystals":3,"minecraft:apple":4,"minecraft:leather":4,"minecraft:granite":3,"minecraft:coal":5,"iceandfire:graveyard_soil":1,"minecraft:stick":8,"iceandfire:copper_ingot":1,"minecraft:diorite":4,"iceandfire:copper_nugget":1,"minecraft:mutton":4,"minecraft:wooden_axe":3,"minecraft:wooden_sword":1,"minecraft:writable_book":2,"minecraft:wither_rose":3,"minecraft:sand":1,"minecraft:string":5,"minecraft:blue_carpet":1,"minecraft:bucket":1,"minecraft:gold_ingot":3,"minecraft:redstone":60,"minecraft:bone":31,"minecraft:stone_axe":4,"minecraft:sugar_cane":7,"minecraft:stone_sword":2,"minecraft:birch_sapling":1,"minecraft:wheat":1,"minecraft:rotten_flesh":18,"minecraft:iron_boots":1,"minecraft:oak_planks":22,"iceandfire:silver_ore":15,"minecraft:white_terracotta":1,"iceandfire:copper_ore":6,"minecraft:poppy":2,"minecraft:hay_block":12,"minecraft:gunpowder":5,"minecraft:skeleton_skull":2,"minecraft:iron_chestplate":1,"minecraft:andesite":7,"iceandfire:silver_ingot":11,"minecraft:leather_boots":1,"minecraft:golden_leggings":2,"minecraft:oak_sapling":9,"minecraft:wooden_shovel":1,"minecraft:spider_eye":3,"minecraft:iron_ore":1,"minecraft:arrow":5,"minecraft:wooden_pickaxe":1,"minecraft:stone_pickaxe":2,"iceandfire:manuscript":1},"minecraft:killed":{"minecraft:witch":1,"minecraft:spider":4,"iceandfire:stymphalian_bird":1,"minecraft:horse":1,"minecraft:skeleton":10,"iceandfire:siren":2,"minecraft:silverfish":3,"iceandfire:deathworm":2,"minecraft:iron_golem":1,"minecraft:creeper":1,"minecraft:sheep":3,"minecraft:zombie":14,"iceandfire:ghost":4,"blocklings:blockling":1,"iceandfire:sea_serpent":2},"minecraft:used":{"minecraft:writable_book":1,"minecraft:flint_and_steel":1,"minecraft:poppy":2,"gobber2:gobber2_gooey_bread":1,"minecraft:shield":47,"minecraft:iron_sword":118,"minecraft:wooden_shovel":9,"minecraft:torch":73,"minecraft:dirt":25,"iceandfire:copper_sword":94,"minecraft:granite":3,"minecraft:obsidian":5,"minecraft:wooden_axe":8,"minecraft:iron_axe":6,"minecraft:barrel":1,"minecraft:furnace":2,"minecraft:egg":1,"minecraft:stone_pickaxe":62,"minecraft:oak_planks":58,"minecraft:wooden_pickaxe":9,"minecraft:golden_apple":1,"minecraft:sand":1,"minecraft:lime_bed":6,"minecraft:crafting_table":11,"minecraft:white_bed":5,"minecraft:oxeye_daisy":1,"minecraft:iron_pickaxe":413,"minecraft:bread":52,"iceandfire:graveyard_soil":1,"iceandfire:ash":1,"minecraft:stone_axe":36,"minecraft:cobblestone":90,"minecraft:andesite":2},"minecraft:crafted":{"minecraft:oak_planks":240,"minecraft:furnace":1,"iceandfire:tide_deepblue_chestplate":1,"minecraft:iron_boots":1,"minecraft:iron_axe":1,"minecraft:stone_pickaxe":1,"minecraft:wheat":819,"minecraft:coal_block":38,"minecraft:wooden_shovel":1,"minecraft:crafting_table":4,"minecraft:wooden_pickaxe":1,"minecraft:iron_sword":1,"iceandfire:tide_deepblue_leggings":1,"minecraft:stone_axe":1,"minecraft:bread":285,"minecraft:air":0,"minecraft:iron_chestplate":1,"minecraft:golden_apple":1,"minecraft:stick":28,"minecraft:iron_ingot":18,"minecraft:iron_pickaxe":2,"minecraft:wooden_axe":3,"minecraft:stone_sword":1,"minecraft:iron_leggings":1,"minecraft:gold_ingot":7,"minecraft:white_bed":1,"minecraft:torch":48},"minecraft:custom":{"minecraft:interact_with_anvil":1,"minecraft:mob_kills":53,"minecraft:interact_with_crafting_table":35,"minecraft:open_barrel":15,"minecraft:bell_ring":31,"minecraft:leave_game":6,"minecraft:time_since_death":21778,"minecraft:climb_one_cm":7670,"minecraft:sprint_one_cm":543270,"minecraft:walk_one_cm":328292,"minecraft:damage_blocked_by_shield":1035,"minecraft:drop":116,"minecraft:talked_to_villager":2,"minecraft:deaths":3,"minecraft:sneak_time":5788,"minecraft:walk_under_water_one_cm":20915,"minecraft:jump":3354,"minecraft:interact_with_blast_furnace":1,"minecraft:walk_on_water_one_cm":28977,"minecraft:interact_with_furnace":26,"minecraft:play_one_minute":227306,"minecraft:sleep_in_bed":10,"minecraft:time_since_rest":418,"minecraft:damage_taken":2086,"minecraft:damage_absorbed":19,"minecraft:trigger_trapped_chest":3,"minecraft:damage_dealt":11671,"minecraft:swim_one_cm":146166,"minecraft:fly_one_cm":885425,"minecraft:open_chest":28,"minecraft:crouch_one_cm":13398,"minecraft:fall_one_cm":89773,"minecraft:inspect_dispenser":3,"minecraft:horse_one_cm":9226},"minecraft:mined":{"minecraft:white_bed":5,"iceandfire:graveyard_soil":4,"iceandfire:silver_ore":10,"minecraft:mossy_cobblestone":4,"minecraft:dark_oak_leaves":6,"minecraft:brewing_stand":1,"minecraft:granite":4,"minecraft:grass_block":7,"gobber2:gobber2_lucky_block":1,"minecraft:oxeye_daisy":1,"minecraft:hay_block":115,"minecraft:tall_seagrass":5,"minecraft:redstone_ore":11,"minecraft:furnace":2,"iceandfire:copper_ore":3,"minecraft:iron_ore":22,"minecraft:fire":1,"minecraft:andesite":9,"minecraft:bookshelf":8,"minecraft:stone":220,"minecraft:smithing_table":2,"minecraft:oak_slab":1,"minecraft:scaffolding":4,"minecraft:oak_fence":1,"minecraft:crafting_table":9,"minecraft:torch":3,"minecraft:white_stained_glass_pane":1,"minecraft:lectern":1,"minecraft:tall_grass":4,"minecraft:cobblestone":12,"minecraft:sugar_cane":3,"minecraft:oak_planks":18,"minecraft:diorite":4,"minecraft:seagrass":4,"minecraft:skeleton_skull":1,"minecraft:white_terracotta":1,"minecraft:lime_bed":8,"minecraft:wheat":13,"iceandfire:ash":8,"minecraft:wither_rose":1,"minecraft:grass":13,"minecraft:oak_log":10,"minecraft:coal_ore":164,"minecraft:sand":1,"minecraft:dirt":23,"minecraft:gold_ore":5,"minecraft:infested_stone":5,"minecraft:fern":1},"minecraft:picked_up":{"iceandfire:copper_ingot":1,"minecraft:crafting_table":9,"minecraft:wheat":37,"iceandfire:copper_ore":6,"minecraft:smithing_table":2,"minecraft:wither_rose":2,"minecraft:brewing_stand":1,"iceandfire:sea_serpent_scales_blue":7,"minecraft:string":3,"iceandfire:graveyard_soil":2,"minecraft:poppy":4,"minecraft:lectern":1,"minecraft:sugar_cane":7,"minecraft:birch_sapling":1,"minecraft:furnace":2,"minecraft:egg":1,"minecraft:stick":16,"iceandfire:deathworm_chitin_red":3,"minecraft:oak_fence":1,"minecraft:torch":45,"iceandfire:silver_ore":15,"minecraft:diorite":4,"iceandfire:deathworm_chitin_white":2,"minecraft:redstone":47,"minecraft:prismarine_crystals":3,"minecraft:blue_carpet":1,"minecraft:arrow":5,"minecraft:rotten_flesh":13,"minecraft:hay_block":115,"minecraft:white_terracotta":1,"minecraft:mutton":4,"minecraft:skeleton_skull":1,"minecraft:white_wool":3,"minecraft:cobblestone":244,"minecraft:oxeye_daisy":1,"minecraft:lime_bed":8,"iceandfire:sea_serpent_fang":7,"minecraft:andesite":9,"minecraft:leather":4,"minecraft:golden_leggings":1,"minecraft:oak_log":28,"iceandfire:ectoplasm":1,"minecraft:gunpowder":2,"minecraft:dirt":25,"minecraft:bone":3,"minecraft:apple":4,"minecraft:wheat_seeds":100,"minecraft:iron_ingot":7,"minecraft:iron_ore":23,"travelersbackpack:bee":1,"iceandfire:sea_serpent_scales_deepblue":13,"minecraft:oak_planks":18,"gobber2:gobber2_gooey_bread":1,"minecraft:book":24,"minecraft:scaffolding":4,"minecraft:oak_slab":1,"iceandfire:copper_nugget":1,"iceandfire:ash":1,"iceandfire:shiny_scales":9,"minecraft:sand":2,"minecraft:white_bed":5,"minecraft:gold_ore":5,"minecraft:spider_eye":1,"minecraft:mossy_cobblestone":4,"minecraft:stone_axe":2,"minecraft:writable_book":2,"minecraft:granite":6,"minecraft:oak_sapling":9,"minecraft:coal":202,"minecraft:ender_pearl":1}},"DataVersion":2586}