{"stats":{"minecraft:killed":{"minecraft:witch":1,"minecraft:spider":4,"minecraft:horse":1,"minecraft:skeleton":7,"iceandfire:siren":2,"iceandfire:deathworm":2,"minecraft:iron_golem":1,"minecraft:creeper":1,"minecraft:sheep":3,"minecraft:zombie":14,"iceandfire:ghost":3,"blocklings:blockling":1,"iceandfire:sea_serpent":1},"minecraft:broken":{"minecraft:golden_boots":1,"minecraft:iron_pickaxe":1},"minecraft:killed_by":{"minecraft:player":1},"minecraft:crafted":{"minecraft:oak_planks":112,"minecraft:furnace":1,"iceandfire:tide_deepblue_chestplate":1,"minecraft:iron_boots":1,"minecraft:iron_axe":1,"minecraft:stone_pickaxe":1,"minecraft:wheat":810,"minecraft:crafting_table":2,"minecraft:wooden_pickaxe":1,"minecraft:iron_sword":1,"iceandfire:tide_deepblue_leggings":1,"minecraft:stone_axe":1,"minecraft:bread":270,"minecraft:air":0,"minecraft:iron_chestplate":1,"minecraft:golden_apple":1,"minecraft:stick":24,"minecraft:iron_ingot":18,"minecraft:iron_pickaxe":2,"minecraft:wooden_axe":3,"minecraft:stone_sword":1,"minecraft:gold_ingot":7,"minecraft:iron_leggings":1,"minecraft:white_bed":1,"minecraft:torch":48},"minecraft:used":{"minecraft:writable_book":1,"minecraft:flint_and_steel":1,"minecraft:poppy":2,"gobber2:gobber2_gooey_bread":1,"minecraft:shield":31,"minecraft:iron_sword":107,"minecraft:torch":62,"minecraft:dirt":10,"iceandfire:copper_sword":57,"minecraft:granite":3,"minecraft:obsidian":5,"minecraft:wooden_axe":8,"minecraft:iron_axe":1,"minecraft:barrel":1,"minecraft:furnace":2,"minecraft:egg":1,"minecraft:stone_pickaxe":62,"minecraft:oak_planks":57,"minecraft:wooden_pickaxe":9,"minecraft:crafting_table":7,"minecraft:lime_bed":5,"minecraft:oxeye_daisy":1,"minecraft:bread":36,"minecraft:iron_pickaxe":294,"iceandfire:graveyard_soil":1,"iceandfire:ash":1,"minecraft:stone_axe":36,"minecraft:cobblestone":90,"minecraft:andesite":2},"minecraft:picked_up":{"minecraft:crafting_table":6,"iceandfire:copper_ore":6,"minecraft:smithing_table":2,"minecraft:wither_rose":2,"minecraft:brewing_stand":1,"minecraft:string":3,"iceandfire:graveyard_soil":1,"minecraft:poppy":4,"minecraft:lectern":1,"minecraft:sugar_cane":7,"minecraft:furnace":2,"minecraft:egg":1,"minecraft:stick":16,"iceandfire:deathworm_chitin_red":3,"minecraft:oak_fence":1,"minecraft:torch":43,"iceandfire:silver_ore":15,"minecraft:diorite":4,"iceandfire:deathworm_chitin_white":2,"minecraft:redstone":47,"minecraft:prismarine_crystals":3,"minecraft:blue_carpet":1,"minecraft:arrow":5,"minecraft:rotten_flesh":13,"minecraft:hay_block":114,"minecraft:mutton":4,"minecraft:white_wool":3,"minecraft:skeleton_skull":1,"minecraft:cobblestone":184,"minecraft:oxeye_daisy":1,"minecraft:lime_bed":6,"iceandfire:sea_serpent_fang":4,"minecraft:andesite":9,"minecraft:leather":4,"minecraft:golden_leggings":1,"minecraft:oak_log":28,"iceandfire:ectoplasm":1,"minecraft:gunpowder":2,"minecraft:dirt":10,"minecraft:bone":1,"minecraft:apple":2,"minecraft:wheat_seeds":2,"minecraft:iron_ingot":7,"minecraft:iron_ore":21,"travelersbackpack:bee":1,"iceandfire:sea_serpent_scales_deepblue":13,"minecraft:oak_planks":16,"gobber2:gobber2_gooey_bread":1,"minecraft:book":24,"minecraft:scaffolding":4,"iceandfire:ash":1,"iceandfire:shiny_scales":9,"minecraft:sand":1,"minecraft:spider_eye":1,"minecraft:gold_ore":5,"minecraft:mossy_cobblestone":4,"minecraft:stone_axe":2,"minecraft:writable_book":2,"minecraft:granite":6,"minecraft:oak_sapling":9,"minecraft:coal":157,"minecraft:ender_pearl":1},"minecraft:dropped":{"minecraft:bread":128,"minecraft:wheat_seeds":2,"minecraft:golden_pickaxe":1,"minecraft:mossy_cobblestone":4,"minecraft:crafting_table":1,"minecraft:oak_fence":1,"minecraft:cobblestone":32,"minecraft:leather":4,"minecraft:granite":2,"minecraft:stick":8,"minecraft:diorite":4,"minecraft:mutton":4,"minecraft:wooden_axe":3,"minecraft:writable_book":2,"minecraft:wooden_sword":1,"minecraft:wither_rose":2,"minecraft:sand":1,"minecraft:string":3,"minecraft:blue_carpet":1,"minecraft:bone":1,"minecraft:stone_axe":3,"minecraft:sugar_cane":7,"minecraft:stone_sword":1,"minecraft:rotten_flesh":13,"minecraft:iron_boots":1,"minecraft:oak_planks":6,"iceandfire:silver_ore":15,"iceandfire:copper_ore":6,"minecraft:poppy":2,"minecraft:hay_block":12,"minecraft:andesite":7,"iceandfire:silver_ingot":3,"minecraft:leather_boots":1,"minecraft:golden_leggings":2,"minecraft:oak_sapling":9,"minecraft:spider_eye":1,"minecraft:iron_ore":1,"minecraft:arrow":5,"minecraft:wooden_pickaxe":1,"minecraft:stone_pickaxe":1},"minecraft:mined":{"iceandfire:graveyard_soil":1,"iceandfire:silver_ore":10,"minecraft:mossy_cobblestone":4,"minecraft:dark_oak_leaves":6,"minecraft:brewing_stand":1,"minecraft:granite":4,"minecraft:grass_block":2,"gobber2:gobber2_lucky_block":1,"minecraft:oxeye_daisy":1,"minecraft:hay_block":114,"minecraft:redstone_ore":11,"minecraft:furnace":2,"iceandfire:copper_ore":3,"minecraft:iron_ore":20,"minecraft:fire":1,"minecraft:andesite":9,"minecraft:bookshelf":8,"minecraft:stone":159,"minecraft:smithing_table":2,"minecraft:scaffolding":4,"minecraft:oak_fence":1,"minecraft:crafting_table":6,"minecraft:torch":1,"minecraft:lectern":1,"minecraft:tall_grass":4,"minecraft:cobblestone":12,"minecraft:sugar_cane":3,"minecraft:oak_planks":16,"minecraft:diorite":4,"minecraft:skeleton_skull":1,"minecraft:lime_bed":6,"iceandfire:ash":8,"minecraft:wither_rose":1,"minecraft:grass":11,"minecraft:oak_log":10,"minecraft:coal_ore":117,"minecraft:dirt":8,"minecraft:gold_ore":5},"minecraft:custom":{"minecraft:mob_kills":44,"minecraft:interact_with_crafting_table":29,"minecraft:open_barrel":11,"minecraft:bell_ring":31,"minecraft:leave_game":4,"minecraft:time_since_death":102651,"minecraft:climb_one_cm":5195,"minecraft:sprint_one_cm":381549,"minecraft:walk_one_cm":273873,"minecraft:damage_blocked_by_shield":450,"minecraft:drop":72,"minecraft:talked_to_villager":2,"minecraft:deaths":2,"minecraft:sneak_time":5151,"minecraft:walk_under_water_one_cm":16224,"minecraft:jump":2142,"minecraft:interact_with_blast_furnace":1,"minecraft:walk_on_water_one_cm":15790,"minecraft:interact_with_furnace":26,"minecraft:play_one_minute":179049,"minecraft:sleep_in_bed":6,"minecraft:time_since_rest":11314,"minecraft:damage_taken":1406,"minecraft:trigger_trapped_chest":2,"minecraft:damage_dealt":9497,"minecraft:swim_one_cm":79502,"minecraft:fly_one_cm":540412,"minecraft:open_chest":25,"minecraft:crouch_one_cm":12556,"minecraft:fall_one_cm":71635,"minecraft:inspect_dispenser":3,"minecraft:horse_one_cm":9226}},"DataVersion":2586}