{"stats":{"minecraft:killed":{"minecraft:cave_spider":2,"minecraft:witch":1,"minecraft:spider":7,"iceandfire:stymphalian_bird":1,"minecraft:skeleton":28,"minecraft:horse":1,"iceandfire:siren":2,"minecraft:silverfish":3,"iceandfire:deathworm":2,"iceandfire:myrmex_sentinel":2,"artifacts:mimic":2,"iceandfire:myrmex_worker":10,"minecraft:iron_golem":1,"minecraft:creeper":3,"minecraft:sheep":3,"minecraft:zombie":22,"iceandfire:ghost":4,"blocklings:blockling":1,"iceandfire:sea_serpent":2},"minecraft:broken":{"minecraft:golden_boots":1,"iceandfire:copper_sword":1,"minecraft:iron_pickaxe":1},"minecraft:killed_by":{"iceandfire:myrmex_royal":1,"minecraft:player":1,"artifacts:mimic":1,"iceandfire:myrmex_sentinel":1},"minecraft:crafted":{"minecraft:oak_planks":240,"minecraft:coal":63,"iceandfire:myrmex_desert_boots":1,"minecraft:furnace":1,"iceandfire:tide_deepblue_chestplate":1,"minecraft:iron_boots":2,"minecraft:iron_axe":1,"minecraft:stone_pickaxe":1,"minecraft:wheat":819,"minecraft:coal_block":46,"minecraft:wooden_shovel":1,"minecraft:crafting_table":5,"minecraft:wooden_pickaxe":1,"minecraft:iron_helmet":1,"minecraft:iron_sword":2,"minecraft:bucket":1,"iceandfire:tide_deepblue_leggings":1,"minecraft:stone_axe":1,"minecraft:bread":285,"minecraft:air":0,"iceandfire:tide_blue_helmet":1,"minecraft:iron_chestplate":1,"minecraft:golden_apple":1,"minecraft:stick":80,"minecraft:iron_ingot":18,"minecraft:iron_pickaxe":2,"minecraft:wooden_axe":3,"minecraft:stone_sword":1,"minecraft:iron_leggings":1,"minecraft:gold_ingot":7,"minecraft:white_bed":1,"minecraft:torch":240},"minecraft:used":{"minecraft:writable_book":1,"minecraft:flint_and_steel":1,"minecraft:poppy":2,"gobber2:gobber2_gooey_bread":1,"minecraft:shield":78,"minecraft:iron_sword":118,"minecraft:wooden_shovel":9,"minecraft:torch":193,"minecraft:dirt":25,"iceandfire:copper_sword":299,"minecraft:granite":3,"minecraft:obsidian":5,"minecraft:wooden_axe":8,"minecraft:iron_axe":9,"minecraft:barrel":1,"minecraft:furnace":2,"minecraft:egg":1,"minecraft:water_bucket":19,"minecraft:stone_pickaxe":62,"minecraft:oak_planks":142,"minecraft:wooden_pickaxe":9,"minecraft:golden_apple":1,"minecraft:sand":2,"travelersbackpack:bee":4,"minecraft:lime_bed":6,"minecraft:crafting_table":12,"minecraft:white_bed":9,"minecraft:oxeye_daisy":1,"minecraft:iron_pickaxe":534,"minecraft:bread":82,"iceandfire:graveyard_soil":1,"iceandfire:ash":1,"minecraft:stone_axe":36,"minecraft:cobblestone":92,"minecraft:andesite":2,"minecraft:bucket":20},"minecraft:dropped":{"minecraft:enchanted_book":1,"minecraft:iron_ingot":1,"minecraft:bread":131,"minecraft:iron_sword":2,"minecraft:oak_slab":1,"minecraft:wheat_seeds":109,"minecraft:lapis_lazuli":24,"minecraft:golden_pickaxe":2,"minecraft:mossy_cobblestone":4,"minecraft:crafting_table":2,"minecraft:oak_fence":6,"minecraft:iron_helmet":2,"minecraft:cobblestone":302,"minecraft:prismarine_crystals":3,"minecraft:leather":4,"minecraft:apple":6,"minecraft:granite":4,"iceandfire:ectoplasm":1,"minecraft:rail":3,"minecraft:coal":5,"iceandfire:graveyard_soil":1,"minecraft:stick":10,"iceandfire:copper_ingot":1,"minecraft:dirt":3,"minecraft:diorite":5,"minecraft:brewing_stand":1,"iceandfire:copper_nugget":1,"minecraft:torch":5,"minecraft:mutton":4,"minecraft:wooden_axe":3,"minecraft:iron_leggings":1,"minecraft:wooden_sword":1,"minecraft:writable_book":2,"minecraft:wither_rose":3,"gobber2:gobber2_goo":2,"minecraft:sand":1,"minecraft:iron_pickaxe":1,"minecraft:string":14,"minecraft:bucket":1,"minecraft:blue_carpet":1,"minecraft:white_wool":1,"minecraft:redstone":114,"minecraft:gold_ingot":3,"minecraft:bone":69,"minecraft:gravel":4,"minecraft:stone_axe":4,"minecraft:sugar_cane":7,"minecraft:stone_sword":2,"minecraft:wheat":1,"minecraft:birch_sapling":1,"minecraft:rotten_flesh":29,"iceandfire:silver_ore":15,"minecraft:oak_planks":40,"minecraft:iron_boots":2,"minecraft:name_tag":1,"minecraft:cooked_mutton":4,"minecraft:white_terracotta":1,"minecraft:white_bed":1,"iceandfire:copper_ore":6,"minecraft:blast_furnace":1,"minecraft:poppy":2,"minecraft:lime_bed":1,"minecraft:hay_block":12,"minecraft:shield":1,"minecraft:gunpowder":8,"iceandfire:myrmex_desert_biolight":1,"minecraft:skeleton_skull":2,"minecraft:iron_chestplate":2,"minecraft:andesite":8,"iceandfire:silver_ingot":11,"minecraft:leather_boots":1,"minecraft:golden_leggings":2,"minecraft:oak_sapling":9,"minecraft:wooden_shovel":1,"minecraft:spider_eye":9,"minecraft:iron_ore":11,"minecraft:arrow":32,"minecraft:bow":2,"minecraft:stone_pickaxe":2,"minecraft:wooden_pickaxe":1,"iceandfire:manuscript":1},"minecraft:picked_up":{"iceandfire:copper_ingot":1,"minecraft:crafting_table":9,"minecraft:wheat":37,"minecraft:anvil":1,"iceandfire:copper_ore":6,"minecraft:smithing_table":2,"minecraft:wither_rose":2,"minecraft:brewing_stand":1,"iceandfire:sea_serpent_scales_blue":7,"iceandfire:myrmex_desert_biolight":1,"minecraft:string":12,"iceandfire:graveyard_soil":2,"iceandfire:myrmex_desert_resin":11,"minecraft:poppy":4,"minecraft:lectern":1,"minecraft:sugar_cane":7,"minecraft:birch_sapling":1,"minecraft:furnace":2,"minecraft:egg":1,"minecraft:stick":16,"artifacts:universal_attractor":1,"iceandfire:deathworm_chitin_red":3,"minecraft:oak_fence":6,"minecraft:torch":49,"iceandfire:silver_ore":18,"minecraft:diorite":5,"iceandfire:deathworm_chitin_white":2,"minecraft:redstone":101,"minecraft:prismarine_crystals":3,"minecraft:blue_carpet":1,"minecraft:arrow":32,"minecraft:rotten_flesh":24,"minecraft:hay_block":115,"iceandfire:myrmex_desert_chitin":7,"artifacts:pocket_piston":1,"minecraft:white_terracotta":1,"minecraft:white_wool":4,"minecraft:skeleton_skull":1,"minecraft:mutton":4,"minecraft:rail":3,"minecraft:cobblestone":293,"minecraft:oxeye_daisy":1,"minecraft:lime_bed":8,"iceandfire:sea_serpent_fang":7,"minecraft:andesite":10,"minecraft:leather":4,"minecraft:golden_leggings":1,"minecraft:oak_log":28,"iceandfire:ectoplasm":1,"minecraft:gunpowder":3,"minecraft:dirt":28,"minecraft:bone":41,"minecraft:apple":4,"minecraft:bow":2,"minecraft:wheat_seeds":108,"minecraft:iron_ingot":7,"minecraft:iron_ore":46,"travelersbackpack:bee":1,"iceandfire:sea_serpent_scales_deepblue":13,"gobber2:gobber2_gooey_bread":1,"minecraft:oak_planks":20,"minecraft:book":24,"minecraft:scaffolding":4,"minecraft:oak_slab":1,"iceandfire:copper_nugget":1,"iceandfire:ash":1,"minecraft:gravel":4,"iceandfire:shiny_scales":9,"minecraft:sand":3,"minecraft:blast_furnace":1,"minecraft:white_bed":9,"minecraft:gold_ore":5,"iceandfire:myrmex_stinger":4,"minecraft:spider_eye":7,"minecraft:mossy_cobblestone":4,"minecraft:diamond":2,"minecraft:stone_axe":2,"minecraft:writable_book":2,"minecraft:granite":7,"minecraft:oak_sapling":9,"minecraft:coal":259,"gobber2:gobber2_goo":2,"minecraft:ender_pearl":1},"minecraft:mined":{"minecraft:diamond_ore":2,"minecraft:white_bed":9,"iceandfire:graveyard_soil":4,"iceandfire:silver_ore":13,"minecraft:mossy_cobblestone":4,"minecraft:dark_oak_leaves":6,"minecraft:brewing_stand":1,"minecraft:granite":4,"minecraft:grass_block":7,"gobber2:gobber2_lucky_block":2,"minecraft:oxeye_daisy":1,"iceandfire:myrmex_desert_biolight":3,"minecraft:hay_block":115,"minecraft:tall_seagrass":5,"minecraft:redstone_ore":23,"minecraft:furnace":2,"iceandfire:copper_ore":3,"minecraft:iron_ore":45,"minecraft:fire":1,"minecraft:andesite":9,"minecraft:anvil":1,"minecraft:bookshelf":8,"minecraft:stone":240,"minecraft:smithing_table":2,"minecraft:oak_slab":1,"minecraft:scaffolding":4,"minecraft:oak_fence":3,"minecraft:crafting_table":9,"minecraft:torch":4,"minecraft:blast_furnace":1,"minecraft:white_stained_glass_pane":1,"minecraft:lectern":1,"minecraft:tall_grass":4,"minecraft:cobblestone":13,"minecraft:oak_planks":19,"minecraft:sugar_cane":3,"minecraft:wall_torch":1,"minecraft:diorite":4,"minecraft:skeleton_skull":1,"minecraft:white_terracotta":1,"minecraft:seagrass":4,"minecraft:lime_bed":8,"minecraft:wheat":13,"iceandfire:ash":8,"minecraft:wither_rose":1,"minecraft:grass":15,"minecraft:coal_ore":221,"minecraft:oak_log":10,"minecraft:dirt":23,"minecraft:sand":2,"minecraft:cobweb":1,"minecraft:gold_ore":5,"minecraft:fern":1,"minecraft:infested_stone":5},"minecraft:custom":{"minecraft:interact_with_anvil":1,"minecraft:mob_kills":102,"minecraft:interact_with_crafting_table":39,"minecraft:open_barrel":15,"minecraft:bell_ring":31,"minecraft:leave_game":8,"minecraft:time_since_death":43796,"minecraft:climb_one_cm":8558,"minecraft:sprint_one_cm":755904,"minecraft:walk_one_cm":477581,"minecraft:damage_blocked_by_shield":1955,"minecraft:drop":216,"minecraft:talked_to_villager":2,"minecraft:deaths":5,"minecraft:sneak_time":9130,"minecraft:walk_under_water_one_cm":33428,"minecraft:jump":4566,"minecraft:interact_with_blast_furnace":1,"minecraft:walk_on_water_one_cm":52905,"minecraft:interact_with_furnace":26,"minecraft:play_one_minute":296924,"minecraft:sleep_in_bed":12,"minecraft:time_since_rest":37255,"minecraft:damage_taken":3603,"minecraft:damage_absorbed":19,"minecraft:trigger_trapped_chest":4,"minecraft:damage_dealt":22512,"minecraft:swim_one_cm":187282,"minecraft:fly_one_cm":1143275,"minecraft:open_chest":30,"minecraft:crouch_one_cm":23921,"minecraft:fall_one_cm":110045,"minecraft:inspect_dispenser":3,"minecraft:horse_one_cm":9226}},"DataVersion":2586}