{"stats":{"minecraft:killed_by":{"minecraft:player":1},"minecraft:mined":{"iceandfire:graveyard_soil":1,"iceandfire:silver_ore":10,"minecraft:brewing_stand":1,"minecraft:granite":3,"minecraft:grass_block":2,"gobber2:gobber2_lucky_block":1,"minecraft:oxeye_daisy":1,"minecraft:hay_block":114,"minecraft:redstone_ore":11,"minecraft:furnace":2,"iceandfire:copper_ore":3,"minecraft:iron_ore":20,"minecraft:fire":1,"minecraft:andesite":2,"minecraft:bookshelf":8,"minecraft:stone":129,"minecraft:smithing_table":2,"minecraft:scaffolding":4,"minecraft:oak_fence":1,"minecraft:crafting_table":6,"minecraft:torch":1,"minecraft:lectern":1,"minecraft:tall_grass":4,"minecraft:cobblestone":6,"minecraft:sugar_cane":3,"minecraft:oak_planks":16,"minecraft:skeleton_skull":1,"minecraft:lime_bed":6,"minecraft:wither_rose":1,"iceandfire:ash":8,"minecraft:grass":11,"minecraft:coal_ore":115,"minecraft:oak_log":10,"minecraft:dirt":8,"minecraft:gold_ore":5},"minecraft:dropped":{"minecraft:bread":128,"minecraft:wheat_seeds":2,"minecraft:golden_pickaxe":1,"minecraft:crafting_table":1,"minecraft:oak_fence":1,"minecraft:cobblestone":4,"minecraft:leather":4,"minecraft:granite":2,"minecraft:stick":8,"minecraft:wooden_axe":3,"minecraft:wooden_sword":1,"minecraft:writable_book":2,"minecraft:wither_rose":2,"minecraft:sand":1,"minecraft:string":3,"minecraft:blue_carpet":1,"minecraft:stone_axe":3,"minecraft:sugar_cane":7,"minecraft:stone_sword":1,"minecraft:rotten_flesh":12,"minecraft:oak_planks":6,"minecraft:iron_boots":1,"iceandfire:silver_ore":15,"iceandfire:copper_ore":6,"minecraft:poppy":2,"minecraft:hay_block":12,"iceandfire:silver_ingot":3,"minecraft:leather_boots":1,"minecraft:golden_leggings":2,"minecraft:oak_sapling":9,"minecraft:spider_eye":1,"minecraft:iron_ore":1,"minecraft:arrow":3,"minecraft:stone_pickaxe":1,"minecraft:wooden_pickaxe":1},"minecraft:crafted":{"minecraft:oak_planks":112,"minecraft:furnace":1,"minecraft:iron_boots":1,"minecraft:iron_axe":1,"minecraft:stone_pickaxe":1,"minecraft:wheat":810,"minecraft:crafting_table":1,"minecraft:wooden_pickaxe":1,"minecraft:iron_sword":1,"minecraft:stone_axe":1,"minecraft:bread":270,"minecraft:air":0,"minecraft:iron_chestplate":1,"minecraft:golden_apple":1,"minecraft:stick":24,"minecraft:iron_ingot":18,"minecraft:iron_pickaxe":2,"minecraft:wooden_axe":3,"minecraft:stone_sword":1,"minecraft:gold_ingot":7,"minecraft:iron_leggings":1,"minecraft:torch":48},"minecraft:killed":{"minecraft:witch":1,"minecraft:spider":4,"minecraft:horse":1,"minecraft:skeleton":5,"iceandfire:deathworm":2,"minecraft:iron_golem":1,"minecraft:creeper":1,"minecraft:zombie":11,"iceandfire:ghost":3,"blocklings:blockling":1},"minecraft:used":{"minecraft:writable_book":1,"minecraft:flint_and_steel":1,"minecraft:poppy":2,"gobber2:gobber2_gooey_bread":1,"minecraft:shield":31,"minecraft:iron_sword":107,"minecraft:torch":20,"minecraft:dirt":10,"iceandfire:copper_sword":9,"minecraft:granite":3,"minecraft:obsidian":5,"minecraft:wooden_axe":8,"minecraft:iron_axe":1,"minecraft:barrel":1,"minecraft:furnace":2,"minecraft:egg":1,"minecraft:stone_pickaxe":62,"minecraft:oak_planks":49,"minecraft:wooden_pickaxe":9,"minecraft:crafting_table":6,"minecraft:lime_bed":5,"minecraft:oxeye_daisy":1,"minecraft:bread":27,"minecraft:iron_pickaxe":240,"iceandfire:graveyard_soil":1,"iceandfire:ash":1,"minecraft:stone_axe":36,"minecraft:cobblestone":88,"minecraft:andesite":2},"minecraft:picked_up":{"minecraft:crafting_table":6,"iceandfire:copper_ore":6,"minecraft:smithing_table":2,"minecraft:wither_rose":2,"minecraft:brewing_stand":1,"minecraft:string":3,"iceandfire:graveyard_soil":1,"minecraft:poppy":4,"minecraft:lectern":1,"minecraft:sugar_cane":7,"minecraft:egg":1,"minecraft:furnace":2,"minecraft:stick":16,"iceandfire:deathworm_chitin_red":3,"minecraft:oak_fence":1,"minecraft:torch":1,"iceandfire:silver_ore":15,"iceandfire:deathworm_chitin_white":2,"minecraft:redstone":47,"minecraft:blue_carpet":1,"minecraft:arrow":3,"minecraft:rotten_flesh":12,"minecraft:hay_block":114,"minecraft:skeleton_skull":1,"minecraft:cobblestone":148,"minecraft:oxeye_daisy":1,"minecraft:lime_bed":6,"minecraft:andesite":2,"minecraft:leather":4,"minecraft:golden_leggings":1,"minecraft:oak_log":28,"iceandfire:ectoplasm":1,"minecraft:gunpowder":2,"minecraft:dirt":10,"minecraft:apple":2,"minecraft:wheat_seeds":2,"minecraft:iron_ingot":7,"minecraft:iron_ore":21,"travelersbackpack:bee":1,"minecraft:oak_planks":16,"gobber2:gobber2_gooey_bread":1,"minecraft:book":24,"minecraft:scaffolding":4,"iceandfire:ash":1,"minecraft:sand":1,"minecraft:gold_ore":5,"minecraft:spider_eye":1,"minecraft:stone_axe":2,"minecraft:writable_book":2,"minecraft:granite":5,"minecraft:oak_sapling":9,"minecraft:coal":155,"minecraft:ender_pearl":1},"minecraft:custom":{"minecraft:mob_kills":32,"minecraft:interact_with_crafting_table":23,"minecraft:open_barrel":11,"minecraft:bell_ring":31,"minecraft:leave_game":2,"minecraft:time_since_death":72850,"minecraft:climb_one_cm":4090,"minecraft:sprint_one_cm":293226,"minecraft:walk_one_cm":236221,"minecraft:damage_blocked_by_shield":450,"minecraft:drop":63,"minecraft:talked_to_villager":2,"minecraft:deaths":2,"minecraft:sneak_time":4442,"minecraft:walk_under_water_one_cm":3065,"minecraft:jump":1778,"minecraft:interact_with_blast_furnace":1,"minecraft:walk_on_water_one_cm":5173,"minecraft:interact_with_furnace":23,"minecraft:play_one_minute":149248,"minecraft:sleep_in_bed":5,"minecraft:time_since_rest":71645,"minecraft:damage_taken":1219,"minecraft:trigger_trapped_chest":2,"minecraft:damage_dealt":6582,"minecraft:swim_one_cm":46268,"minecraft:fly_one_cm":394432,"minecraft:open_chest":23,"minecraft:crouch_one_cm":12084,"minecraft:fall_one_cm":50700,"minecraft:inspect_dispenser":3,"minecraft:horse_one_cm":9226}},"DataVersion":2586}