{"stats":{"minecraft:crafted":{"minecraft:wooden_sword":1,"minecraft:oak_planks":72,"minecraft:crafting_table":5,"minecraft:wooden_pickaxe":1,"minecraft:iron_helmet":1,"minecraft:iron_sword":1,"minecraft:furnace":2,"minecraft:stone_axe":1,"minecraft:bread":21,"minecraft:cooked_mutton":10,"minecraft:air":0,"minecraft:iron_boots":1,"minecraft:iron_chestplate":1,"minecraft:stick":16,"minecraft:iron_ingot":16,"minecraft:iron_pickaxe":1,"minecraft:stone_pickaxe":1,"minecraft:stone_sword":2,"minecraft:iron_leggings":1,"minecraft:torch":4,"minecraft:wheat":63},"minecraft:mined":{"minecraft:cornflower":1,"minecraft:crafting_table":2,"minecraft:granite":3,"minecraft:grass_block":4,"minecraft:poppy":1,"minecraft:tall_grass":5,"minecraft:sugar_cane":4,"minecraft:hay_block":22,"minecraft:furnace":2,"minecraft:iron_ore":16,"minecraft:grass":32,"minecraft:oak_log":18,"minecraft:coal_ore":29,"iceandfire:gold_pile":4,"minecraft:vine":1,"minecraft:sunflower":1,"minecraft:sand":12,"minecraft:dirt":9,"minecraft:stone":84,"minecraft:oak_leaves":3},"minecraft:killed":{"minecraft:husk":1,"minecraft:spider":2,"minecraft:iron_golem":2,"minecraft:sheep":13,"minecraft:skeleton":6,"minecraft:zombie":4,"minecraft:chicken":1,"blocklings:blockling":2,"iceandfire:sea_serpent":1,"minecraft:cow":5},"minecraft:killed_by":{"iceandfire:gorgon":1,"minecraft:creeper":1,"iceandfire:sea_serpent":1,"iceandfire:hippogryph":1},"minecraft:used":{"minecraft:cooked_mutton":5,"minecraft:stone_sword":32,"minecraft:stone_pickaxe":20,"minecraft:oak_planks":4,"minecraft:wooden_pickaxe":22,"minecraft:shield":9,"minecraft:iron_sword":119,"minecraft:torch":4,"minecraft:dirt":7,"minecraft:sand":17,"minecraft:crafting_table":6,"minecraft:chicken":1,"minecraft:bread":31,"minecraft:iron_pickaxe":104,"minecraft:wooden_sword":58,"minecraft:stone_axe":2,"minecraft:cobblestone":9,"minecraft:furnace":2},"minecraft:custom":{"minecraft:interact_with_furnace":16,"minecraft:mob_kills":39,"minecraft:interact_with_crafting_table":19,"minecraft:open_barrel":4,"minecraft:play_one_minute":86829,"minecraft:damage_dealt_resisted":90,"minecraft:leave_game":3,"minecraft:time_since_death":3828,"minecraft:sleep_in_bed":3,"minecraft:climb_one_cm":2233,"minecraft:time_since_rest":377,"minecraft:sprint_one_cm":437941,"minecraft:damage_taken":2147483647,"minecraft:walk_one_cm":210520,"minecraft:damage_blocked_by_shield":820,"minecraft:trigger_trapped_chest":2,"minecraft:drop":3,"minecraft:damage_dealt":6603,"minecraft:swim_one_cm":63535,"minecraft:talked_to_villager":2,"minecraft:fly_one_cm":366751,"minecraft:open_chest":20,"minecraft:crouch_one_cm":516,"minecraft:sneak_time":884,"minecraft:deaths":4,"minecraft:walk_under_water_one_cm":12515,"minecraft:jump":1743,"minecraft:walk_on_water_one_cm":18372,"minecraft:fall_one_cm":42379},"minecraft:dropped":{"minecraft:iron_sword":1,"minecraft:beetroot_seeds":2},"minecraft:picked_up":{"minecraft:crafting_table":2,"minecraft:feather":1,"iceandfire:sea_serpent_fang":1,"minecraft:chicken":1,"minecraft:leather":6,"minecraft:potato":1,"minecraft:oak_log":18,"minecraft:gunpowder":1,"minecraft:dirt":17,"minecraft:cornflower":1,"minecraft:string":2,"minecraft:leather_boots":1,"minecraft:bone":8,"minecraft:wheat_seeds":3,"minecraft:gold_nugget":132,"minecraft:iron_ingot":13,"minecraft:beef":11,"minecraft:stone_pickaxe":1,"minecraft:iron_ore":16,"minecraft:poppy":1,"minecraft:sugar_cane":7,"minecraft:iron_sword":1,"iceandfire:sea_serpent_scales_deepblue":6,"minecraft:egg":3,"minecraft:furnace":2,"minecraft:stick":6,"iceandfire:chared_grass":5,"minecraft:sand":11,"minecraft:spider_eye":1,"minecraft:arrow":9,"minecraft:rotten_flesh":7,"minecraft:beetroot_seeds":2,"iceandfire:chared_dirt":12,"minecraft:hay_block":22,"minecraft:granite":3,"minecraft:golden_apple":1,"minecraft:gray_wool":1,"minecraft:bread":5,"minecraft:oak_sapling":5,"minecraft:black_wool":2,"minecraft:mutton":22,"minecraft:coal":74,"iceandfire:chared_gravel":2,"minecraft:white_wool":11,"minecraft:cobblestone":84,"minecraft:sunflower":3}},"DataVersion":2586}