{"stats":{"minecraft:killed":{"minecraft:spider":4,"minecraft:iron_golem":1,"minecraft:creeper":1,"minecraft:sheep":3,"minecraft:skeleton":12,"minecraft:zombie":8,"iceandfire:ghost":2,"blocklings:blockling":1},"minecraft:dropped":{"minecraft:stone_axe":1,"iceandfire:silver_axe":1,"minecraft:stick":1,"minecraft:diorite":2,"minecraft:andesite":9,"iceandfire:silver_ingot":1,"minecraft:iron_axe":1,"minecraft:arrow":1},"minecraft:used":{"minecraft:stone_sword":66,"minecraft:stone_pickaxe":594,"minecraft:wooden_pickaxe":16,"minecraft:chest":2,"minecraft:shield":4,"minecraft:iron_sword":67,"minecraft:torch":44,"minecraft:crafting_table":4,"minecraft:white_bed":2,"iceandfire:silver_axe":1,"minecraft:apple":1,"minecraft:bread":29,"minecraft:iron_pickaxe":27,"minecraft:stone_axe":27,"minecraft:wooden_sword":22,"minecraft:cobblestone":76,"minecraft:furnace":9,"minecraft:golden_pickaxe":25},"minecraft:broken":{"minecraft:stone_pickaxe":4},"minecraft:picked_up":{"iceandfire:silver_axe":1,"minecraft:crafting_table":3,"minecraft:andesite":9,"minecraft:golden_pickaxe":1,"minecraft:golden_leggings":1,"minecraft:wither_rose":1,"minecraft:oak_log":88,"minecraft:gunpowder":1,"minecraft:dirt":33,"minecraft:lapis_lazuli":36,"minecraft:string":3,"minecraft:iron_axe":1,"minecraft:bone":14,"minecraft:apple":5,"minecraft:bow":1,"minecraft:wheat_seeds":1,"minecraft:iron_ingot":1,"minecraft:iron_ore":53,"minecraft:sugar_cane":20,"minecraft:iron_sword":1,"minecraft:iron_boots":1,"minecraft:furnace":8,"minecraft:stick":24,"minecraft:torch":3,"iceandfire:silver_ore":5,"minecraft:gravel":5,"minecraft:diorite":2,"minecraft:white_bed":2,"minecraft:redstone":13,"minecraft:gold_ore":6,"minecraft:spider_eye":3,"iceandfire:silver_ingot":2,"minecraft:arrow":11,"minecraft:rotten_flesh":7,"minecraft:stone_axe":1,"minecraft:granite":4,"minecraft:bread":65,"minecraft:gold_ingot":2,"minecraft:oak_sapling":35,"minecraft:mutton":4,"minecraft:coal":396,"minecraft:white_wool":3,"minecraft:cobblestone":372},"minecraft:custom":{"minecraft:interact_with_furnace":56,"minecraft:mob_kills":32,"minecraft:interact_with_crafting_table":20,"minecraft:play_one_minute":100131,"minecraft:leave_game":6,"minecraft:time_since_death":1352,"minecraft:sleep_in_bed":3,"minecraft:time_since_rest":1409,"minecraft:sprint_one_cm":258571,"minecraft:damage_taken":1395,"minecraft:walk_one_cm":188836,"minecraft:damage_blocked_by_shield":145,"minecraft:drop":8,"minecraft:damage_dealt":6630,"minecraft:player_kills":1,"minecraft:swim_one_cm":17779,"minecraft:talked_to_villager":7,"minecraft:fly_one_cm":240775,"minecraft:open_chest":28,"minecraft:crouch_one_cm":6722,"minecraft:deaths":1,"minecraft:sneak_time":2872,"minecraft:walk_under_water_one_cm":1807,"minecraft:jump":1197,"minecraft:walk_on_water_one_cm":4664,"minecraft:fall_one_cm":19313},"minecraft:crafted":{"minecraft:oak_planks":144,"iceandfire:silver_ingot":5,"minecraft:crafting_table":2,"minecraft:wooden_pickaxe":1,"minecraft:iron_helmet":1,"minecraft:iron_sword":1,"minecraft:furnace":4,"minecraft:bucket":1,"minecraft:stone_axe":1,"minecraft:cooked_mutton":4,"minecraft:air":0,"minecraft:iron_chestplate":1,"minecraft:charcoal":20,"minecraft:stick":24,"minecraft:iron_ingot":43,"minecraft:iron_pickaxe":1,"minecraft:stone_pickaxe":5,"minecraft:stone_sword":1,"minecraft:chest":2,"minecraft:iron_leggings":1,"minecraft:gold_ingot":2,"minecraft:white_bed":1,"minecraft:torch":60},"minecraft:mined":{"minecraft:white_bed":2,"minecraft:crafting_table":3,"minecraft:granite":5,"minecraft:grass_block":10,"minecraft:tall_grass":7,"minecraft:lapis_ore":3,"minecraft:sugar_cane":7,"minecraft:diorite":2,"minecraft:wall_torch":3,"minecraft:redstone_ore":3,"minecraft:furnace":8,"minecraft:iron_ore":50,"minecraft:andesite":9,"minecraft:grass":11,"minecraft:oak_log":4,"minecraft:coal_ore":187,"minecraft:gravel":13,"minecraft:dirt":23,"minecraft:stone":380,"minecraft:gold_ore":6,"minecraft:oak_leaves":2}},"DataVersion":2586}