{"stats":{"minecraft:mined":{"minecraft:white_bed":2,"minecraft:crafting_table":3,"minecraft:granite":5,"minecraft:grass_block":10,"minecraft:tall_grass":7,"minecraft:lapis_ore":3,"minecraft:sugar_cane":7,"minecraft:diorite":2,"minecraft:wall_torch":3,"minecraft:redstone_ore":3,"minecraft:furnace":8,"minecraft:iron_ore":50,"minecraft:andesite":9,"minecraft:grass":7,"minecraft:oak_log":4,"minecraft:coal_ore":187,"minecraft:gravel":13,"minecraft:dirt":23,"minecraft:stone":380,"minecraft:gold_ore":6,"minecraft:oak_leaves":2},"minecraft:dropped":{"minecraft:stone_axe":1,"iceandfire:silver_axe":1,"minecraft:stick":1,"minecraft:diorite":2,"minecraft:andesite":9,"iceandfire:silver_ingot":1,"minecraft:iron_axe":1,"minecraft:arrow":1},"minecraft:crafted":{"minecraft:oak_planks":144,"iceandfire:silver_ingot":5,"minecraft:crafting_table":2,"minecraft:wooden_pickaxe":1,"minecraft:iron_helmet":1,"minecraft:iron_sword":1,"minecraft:furnace":4,"minecraft:bucket":1,"minecraft:stone_axe":1,"minecraft:cooked_mutton":4,"minecraft:air":0,"minecraft:iron_chestplate":1,"minecraft:charcoal":20,"minecraft:stick":24,"minecraft:iron_ingot":43,"minecraft:iron_pickaxe":1,"minecraft:stone_pickaxe":5,"minecraft:stone_sword":1,"minecraft:chest":2,"minecraft:iron_leggings":1,"minecraft:gold_ingot":2,"minecraft:white_bed":1,"minecraft:torch":60},"minecraft:killed":{"minecraft:spider":2,"minecraft:iron_golem":1,"minecraft:creeper":1,"minecraft:sheep":3,"minecraft:skeleton":11,"minecraft:zombie":6,"blocklings:blockling":1},"minecraft:used":{"minecraft:stone_sword":66,"minecraft:stone_pickaxe":594,"minecraft:wooden_pickaxe":16,"minecraft:chest":2,"minecraft:shield":4,"minecraft:iron_sword":38,"minecraft:torch":41,"minecraft:crafting_table":4,"minecraft:white_bed":2,"iceandfire:silver_axe":1,"minecraft:apple":1,"minecraft:bread":21,"minecraft:iron_pickaxe":27,"minecraft:stone_axe":26,"minecraft:wooden_sword":22,"minecraft:cobblestone":76,"minecraft:furnace":9,"minecraft:golden_pickaxe":25},"minecraft:picked_up":{"iceandfire:silver_axe":1,"minecraft:crafting_table":3,"minecraft:andesite":9,"minecraft:golden_pickaxe":1,"minecraft:golden_leggings":1,"minecraft:oak_log":88,"minecraft:gunpowder":1,"minecraft:dirt":33,"minecraft:lapis_lazuli":36,"minecraft:string":1,"minecraft:iron_axe":1,"minecraft:bone":14,"minecraft:apple":5,"minecraft:bow":1,"minecraft:iron_ingot":1,"minecraft:iron_ore":53,"minecraft:sugar_cane":20,"minecraft:iron_boots":1,"minecraft:furnace":8,"minecraft:stick":24,"minecraft:torch":3,"minecraft:gravel":5,"iceandfire:silver_ore":5,"minecraft:diorite":2,"minecraft:white_bed":2,"minecraft:redstone":13,"minecraft:gold_ore":6,"minecraft:spider_eye":2,"iceandfire:silver_ingot":2,"minecraft:arrow":11,"minecraft:rotten_flesh":5,"minecraft:stone_axe":1,"minecraft:granite":4,"minecraft:gold_ingot":2,"minecraft:bread":65,"minecraft:oak_sapling":35,"minecraft:mutton":4,"minecraft:coal":396,"minecraft:white_wool":3,"minecraft:cobblestone":372},"minecraft:custom":{"minecraft:interact_with_furnace":56,"minecraft:mob_kills":26,"minecraft:interact_with_crafting_table":20,"minecraft:play_one_minute":93619,"minecraft:leave_game":4,"minecraft:time_since_death":93619,"minecraft:sleep_in_bed":3,"minecraft:time_since_rest":17523,"minecraft:sprint_one_cm":210230,"minecraft:damage_taken":715,"minecraft:walk_one_cm":166280,"minecraft:damage_blocked_by_shield":145,"minecraft:drop":8,"minecraft:damage_dealt":5235,"minecraft:player_kills":1,"minecraft:swim_one_cm":15162,"minecraft:talked_to_villager":7,"minecraft:fly_one_cm":185537,"minecraft:open_chest":28,"minecraft:crouch_one_cm":6722,"minecraft:sneak_time":2872,"minecraft:walk_under_water_one_cm":1661,"minecraft:jump":1004,"minecraft:walk_on_water_one_cm":4408,"minecraft:fall_one_cm":14715},"minecraft:broken":{"minecraft:stone_pickaxe":4}},"DataVersion":2586}