{"stats":{"minecraft:killed_by":{"minecraft:zombie":1},"minecraft:killed":{"minecraft:sheep":4,"minecraft:zombie":1},"minecraft:used":{"minecraft:wooden_sword":18,"minecraft:crafting_table":1,"minecraft:oak_sapling":5,"minecraft:oak_planks":5,"minecraft:shield":6},"minecraft:picked_up":{"minecraft:oak_log":6,"minecraft:bread":1,"minecraft:oak_sapling":5,"minecraft:sugar_cane":2,"minecraft:mutton":7,"minecraft:oak_planks":19,"minecraft:white_wool":4},"minecraft:custom":{"minecraft:time_since_rest":5463,"minecraft:play_one_minute":13265,"minecraft:crouch_one_cm":483,"minecraft:damage_taken":241,"minecraft:sprint_one_cm":19393,"minecraft:walk_one_cm":19862,"minecraft:deaths":1,"minecraft:damage_blocked_by_shield":125,"minecraft:sneak_time":520,"minecraft:walk_under_water_one_cm":67,"minecraft:mob_kills":5,"minecraft:jump":227,"minecraft:damage_dealt":589,"minecraft:leave_game":4,"minecraft:time_since_death":5384,"minecraft:walk_on_water_one_cm":341,"minecraft:swim_one_cm":506,"minecraft:interact_with_crafting_table":7,"minecraft:fall_one_cm":4412,"minecraft:fly_one_cm":60374},"minecraft:crafted":{"minecraft:oak_planks":24,"minecraft:crafting_table":2,"minecraft:stick":12},"minecraft:mined":{"minecraft:oak_log":6,"minecraft:tall_grass":1,"minecraft:sugar_cane":1,"minecraft:oak_planks":1}},"DataVersion":2586}