{"stats":{"minecraft:killed":{"minecraft:sheep":4,"minecraft:zombie":1},"minecraft:killed_by":{"minecraft:zombie":1},"minecraft:crafted":{"minecraft:oak_planks":24,"minecraft:crafting_table":2,"minecraft:stick":12,"minecraft:wooden_pickaxe":1,"minecraft:stone_pickaxe":1,"minecraft:stone_axe":1},"minecraft:used":{"minecraft:stone_pickaxe":6,"minecraft:oak_planks":5,"minecraft:wooden_pickaxe":9,"minecraft:shield":6,"minecraft:stone_axe":5,"minecraft:wooden_sword":18,"minecraft:crafting_table":3,"minecraft:oak_sapling":5},"minecraft:picked_up":{"minecraft:crafting_table":3,"minecraft:oak_log":6,"minecraft:light_gray_banner":1,"minecraft:bread":1,"minecraft:oak_sapling":5,"minecraft:sugar_cane":2,"minecraft:mutton":7,"minecraft:oak_planks":23,"minecraft:white_wool":4,"minecraft:cobblestone":15},"minecraft:mined":{"minecraft:crafting_table":2,"minecraft:light_gray_wall_banner":1,"minecraft:oak_log":6,"minecraft:tall_grass":3,"minecraft:stone":15,"minecraft:sugar_cane":1,"minecraft:oak_planks":5},"minecraft:custom":{"minecraft:time_since_rest":14044,"minecraft:sprint_one_cm":31568,"minecraft:damage_taken":247,"minecraft:walk_one_cm":32546,"minecraft:damage_blocked_by_shield":125,"minecraft:mob_kills":5,"minecraft:damage_dealt":589,"minecraft:talked_to_villager":1,"minecraft:swim_one_cm":506,"minecraft:interact_with_crafting_table":11,"minecraft:fly_one_cm":92107,"minecraft:open_chest":8,"minecraft:crouch_one_cm":1133,"minecraft:play_one_minute":21846,"minecraft:deaths":1,"minecraft:sneak_time":1122,"minecraft:walk_under_water_one_cm":67,"minecraft:jump":352,"minecraft:leave_game":12,"minecraft:walk_on_water_one_cm":341,"minecraft:time_since_death":13965,"minecraft:climb_one_cm":588,"minecraft:fall_one_cm":8458}},"DataVersion":2586}