{"stats":{"minecraft:mined":{"minecraft:oak_log":6,"minecraft:sugar_cane":1},"minecraft:crafted":{"minecraft:oak_planks":24,"minecraft:crafting_table":2,"minecraft:stick":12},"minecraft:used":{"minecraft:wooden_sword":9,"minecraft:crafting_table":1,"minecraft:oak_sapling":5,"minecraft:oak_planks":5},"minecraft:killed":{"minecraft:sheep":4},"minecraft:picked_up":{"minecraft:oak_log":6,"minecraft:oak_sapling":5,"minecraft:sugar_cane":2,"minecraft:oak_planks":15,"minecraft:mutton":7,"minecraft:white_wool":4},"minecraft:custom":{"minecraft:time_since_rest":6354,"minecraft:crouch_one_cm":483,"minecraft:play_one_minute":6354,"minecraft:sprint_one_cm":15075,"minecraft:walk_one_cm":5718,"minecraft:sneak_time":513,"minecraft:walk_under_water_one_cm":67,"minecraft:mob_kills":4,"minecraft:jump":152,"minecraft:damage_dealt":320,"minecraft:leave_game":3,"minecraft:walk_on_water_one_cm":341,"minecraft:time_since_death":6354,"minecraft:swim_one_cm":506,"minecraft:interact_with_crafting_table":3,"minecraft:fall_one_cm":3309,"minecraft:fly_one_cm":42187}},"DataVersion":2586}