{"stats":{"minecraft:crafted":{"minecraft:oak_planks":64,"minecraft:furnace":2,"iceandfire:tide_teal_chestplate":1,"minecraft:cooked_mutton":3,"iceandfire:tide_green_leggings":1,"minecraft:glass":14,"travelersbackpack:white_sleeping_bag":1,"minecraft:bow":2,"minecraft:iron_axe":1,"minecraft:stone_pickaxe":1,"minecraft:chest":2,"minecraft:redstone_block":2,"minecraft:cooked_beef":9,"minecraft:red_dye":1,"minecraft:crafting_table":7,"travelersbackpack:backpack_tank":2,"travelersbackpack:standard":1,"minecraft:wooden_pickaxe":1,"minecraft:iron_sword":1,"minecraft:red_wool":1,"minecraft:bucket":1,"minecraft:birch_planks":20,"minecraft:acacia_boat":2,"minecraft:air":0,"minecraft:charcoal":1,"minecraft:iron_chestplate":1,"minecraft:stick":24,"minecraft:iron_ingot":15,"minecraft:iron_pickaxe":3,"minecraft:wooden_axe":1,"minecraft:iron_leggings":1,"minecraft:acacia_planks":20,"minecraft:torch":28,"minecraft:shears":1},"minecraft:mined":{"minecraft:white_bed":1,"minecraft:mossy_cobblestone":1,"minecraft:granite":1,"minecraft:acacia_log":5,"minecraft:grass_block":15,"minecraft:redstone_wire":18,"minecraft:sandstone":51,"minecraft:iron_ore":15,"minecraft:red_tulip":9,"minecraft:stone":109,"minecraft:acacia_leaves":2,"minecraft:scaffolding":2,"minecraft:redstone_block":6,"minecraft:stone_brick_slab":4,"minecraft:dandelion":6,"travelersbackpack:standard":1,"minecraft:crafting_table":2,"minecraft:cornflower":3,"minecraft:torch":11,"minecraft:poppy":8,"minecraft:cobblestone":10,"minecraft:sugar_cane":7,"minecraft:diorite":2,"minecraft:wall_torch":2,"minecraft:lime_bed":1,"minecraft:repeater":3,"minecraft:cobblestone_wall":2,"minecraft:birch_log":5,"minecraft:wheat":1,"minecraft:grass":7,"minecraft:oak_log":17,"minecraft:coal_ore":46,"minecraft:gravel":4,"minecraft:sand":25,"minecraft:dirt":17,"minecraft:cobweb":2,"minecraft:cracked_stone_bricks":1,"minecraft:stone_bricks":1,"minecraft:mossy_stone_bricks":4,"minecraft:oak_leaves":1},"minecraft:killed":{"iceandfire:gorgon":1,"minecraft:spider":3,"minecraft:skeleton":10,"minecraft:chicken":2,"minecraft:drowned":2,"iceandfire:hippocampus":1,"minecraft:creeper":2,"minecraft:sheep":3,"minecraft:zombie":6,"iceandfire:sea_serpent":1,"minecraft:cow":8},"minecraft:used":{"minecraft:beetroot":1,"minecraft:poppy":1,"minecraft:chest":1,"minecraft:shield":2,"minecraft:iron_sword":117,"minecraft:torch":61,"minecraft:dirt":32,"minecraft:stone_brick_slab":4,"minecraft:wooden_axe":19,"minecraft:iron_axe":7,"minecraft:stone_bricks":1,"carryon:tile_item":2,"minecraft:bow":5,"minecraft:scaffolding":4,"minecraft:oak_sapling":2,"minecraft:furnace":2,"minecraft:cooked_beef":7,"minecraft:acacia_planks":3,"minecraft:wheat_seeds":1,"minecraft:mossy_stone_bricks":2,"minecraft:acacia_boat":2,"minecraft:water_bucket":31,"minecraft:stone_pickaxe":18,"minecraft:wooden_pickaxe":8,"minecraft:sandstone":22,"minecraft:sand":20,"minecraft:crafting_table":9,"minecraft:white_bed":1,"minecraft:sticky_piston":2,"minecraft:bread":20,"minecraft:iron_pickaxe":263,"minecraft:suspicious_stew":2,"minecraft:wooden_sword":30,"travelersbackpack:standard":1,"minecraft:cobblestone":18,"minecraft:bucket":31},"minecraft:custom":{"minecraft:mob_kills":39,"minecraft:interact_with_crafting_table":41,"minecraft:leave_game":5,"minecraft:time_since_death":146428,"minecraft:climb_one_cm":720,"minecraft:sprint_one_cm":179199,"minecraft:walk_one_cm":155974,"minecraft:damage_blocked_by_shield":100,"minecraft:drop":85,"minecraft:talked_to_villager":1,"minecraft:sneak_time":11278,"minecraft:walk_under_water_one_cm":54348,"minecraft:boat_one_cm":339733,"minecraft:jump":1543,"minecraft:walk_on_water_one_cm":30735,"minecraft:interact_with_furnace":32,"minecraft:play_one_minute":146428,"minecraft:sleep_in_bed":1,"minecraft:time_since_rest":102396,"minecraft:damage_taken":1483,"minecraft:damage_dealt":6770,"minecraft:swim_one_cm":75528,"minecraft:fly_one_cm":308973,"minecraft:open_chest":16,"minecraft:crouch_one_cm":23020,"minecraft:fall_one_cm":37216},"minecraft:picked_up":{"minecraft:crafting_table":2,"minecraft:wheat":1,"minecraft:redstone_block":6,"minecraft:chicken":2,"minecraft:prismarine_shard":14,"iceandfire:sea_serpent_scales_blue":2,"minecraft:cornflower":2,"iceandfire:tide_blue_helmet":1,"minecraft:string":10,"iceandfire:sea_serpent_scales_teal":7,"minecraft:sticky_piston":2,"minecraft:beetroot":1,"minecraft:cracked_stone_bricks":1,"minecraft:beef":16,"minecraft:poppy":8,"minecraft:iron_pickaxe":2,"minecraft:sugar_cane":20,"minecraft:iron_boots":1,"minecraft:egg":5,"minecraft:stick":7,"artifacts:universal_attractor":1,"minecraft:sandstone":51,"minecraft:torch":38,"minecraft:acacia_log":5,"minecraft:diorite":2,"minecraft:redstone":23,"minecraft:prismarine_crystals":8,"minecraft:arrow":11,"minecraft:rotten_flesh":26,"minecraft:beetroot_seeds":1,"minecraft:red_tulip":7,"minecraft:gold_ingot":1,"minecraft:mutton":3,"minecraft:white_wool":15,"minecraft:cobblestone":120,"minecraft:birch_log":5,"minecraft:feather":1,"minecraft:lime_bed":1,"minecraft:repeater":2,"iceandfire:sea_serpent_fang":8,"minecraft:leather":10,"minecraft:cut_sandstone":4,"minecraft:filled_map":1,"minecraft:oak_log":17,"minecraft:gunpowder":1,"minecraft:dirt":41,"minecraft:leather_boots":1,"minecraft:bone":14,"minecraft:apple":1,"minecraft:stone_bricks":7,"minecraft:kelp":15,"minecraft:bow":2,"minecraft:wheat_seeds":6,"minecraft:stone_pickaxe":2,"minecraft:iron_ingot":22,"scuba_gear:scuba_leggings":1,"minecraft:iron_ore":15,"minecraft:mossy_stone_bricks":3,"minecraft:scaffolding":8,"iceandfire:sea_serpent_scales_green":7,"savageandravage:creeper_spores":1,"minecraft:stone_brick_slab":5,"minecraft:dandelion":6,"minecraft:sand":101,"minecraft:gravel":9,"iceandfire:shiny_scales":11,"minecraft:white_bed":1,"minecraft:spider_eye":2,"minecraft:leather_helmet":1,"travelersbackpack:standard":2,"minecraft:stone_axe":1,"minecraft:iron_helmet":1,"minecraft:gray_wool":1,"minecraft:bread":64,"iceandfire:gorgon_head":1,"minecraft:terracotta":1,"minecraft:oak_sapling":10,"minecraft:coal":46},"minecraft:dropped":{"minecraft:iron_ingot":6,"minecraft:bread":5,"minecraft:wheat_seeds":5,"scuba_gear:scuba_leggings":1,"minecraft:prismarine_shard":14,"minecraft:iron_helmet":1,"minecraft:cobblestone":4,"minecraft:prismarine_crystals":6,"minecraft:red_wool":1,"minecraft:cracked_stone_bricks":1,"travelersbackpack:standard":1,"minecraft:leather_helmet":1,"minecraft:stick":4,"minecraft:dirt":2,"minecraft:cornflower":1,"minecraft:wooden_axe":1,"minecraft:cut_sandstone":4,"minecraft:sand":60,"minecraft:iron_pickaxe":3,"minecraft:string":7,"minecraft:fishing_rod":1,"minecraft:white_wool":1,"minecraft:stone_brick_slab":1,"minecraft:gravel":9,"minecraft:stone_axe":2,"minecraft:kelp":15,"minecraft:bowl":1,"minecraft:rotten_flesh":28,"minecraft:oak_planks":2,"minecraft:filled_map":2,"minecraft:lime_bed":1,"minecraft:iron_chestplate":1,"minecraft:beetroot_seeds":1,"minecraft:mossy_stone_bricks":1,"minecraft:leather_boots":2,"minecraft:spider_eye":1,"minecraft:bow":1,"minecraft:arrow":6,"minecraft:stone_pickaxe":3,"minecraft:scaffolding":4,"minecraft:terracotta":1}},"DataVersion":2586}