{"stats":{"minecraft:killed":{"minecraft:sheep":1,"minecraft:skeleton":1,"minecraft:zombie":2,"minecraft:cow":2},"minecraft:killed_by":{"minecraft:zombie":1},"minecraft:crafted":{"minecraft:bread":36,"minecraft:wheat":108},"minecraft:used":{"minecraft:golden_apple":1,"minecraft:wooden_sword":22,"minecraft:dirt":1,"minecraft:crafting_table":1,"minecraft:bread":3,"minecraft:shield":1,"iceandfire:silver_axe":10},"minecraft:picked_up":{"minecraft:leather":1,"minecraft:beef":6,"minecraft:mutton":2,"minecraft:dirt":3,"minecraft:white_wool":1,"minecraft:cobblestone":22},"minecraft:dropped":{"minecraft:cobblestone":22},"minecraft:mined":{"minecraft:grass":8,"minecraft:grass_block":1,"minecraft:dirt":2,"minecraft:tall_grass":3},"minecraft:custom":{"minecraft:play_one_minute":29129,"minecraft:time_since_rest":11664,"minecraft:crouch_one_cm":59,"minecraft:damage_taken":381,"minecraft:sprint_one_cm":71958,"minecraft:damage_absorbed":41,"minecraft:walk_one_cm":44443,"minecraft:deaths":1,"minecraft:damage_blocked_by_shield":25,"minecraft:sneak_time":5,"minecraft:walk_under_water_one_cm":1520,"minecraft:mob_kills":7,"minecraft:drop":1,"minecraft:jump":326,"minecraft:damage_dealt":992,"minecraft:leave_game":5,"minecraft:time_since_death":10651,"minecraft:walk_on_water_one_cm":3244,"minecraft:interact_with_crafting_table":1,"minecraft:swim_one_cm":6904,"minecraft:fly_one_cm":75064,"minecraft:fall_one_cm":8930,"minecraft:open_chest":2}},"DataVersion":2586}