{"stats":{"minecraft:mined":{"minecraft:grass":7,"minecraft:grass_block":1,"minecraft:dirt":2,"minecraft:tall_grass":3},"minecraft:used":{"minecraft:wooden_sword":22,"minecraft:dirt":1},"minecraft:killed":{"minecraft:sheep":1,"minecraft:cow":2},"minecraft:picked_up":{"minecraft:leather":1,"minecraft:beef":6,"minecraft:mutton":2,"minecraft:dirt":3,"minecraft:white_wool":1},"minecraft:custom":{"minecraft:time_since_rest":14375,"minecraft:crouch_one_cm":59,"minecraft:play_one_minute":14375,"minecraft:sprint_one_cm":26504,"minecraft:damage_taken":83,"minecraft:walk_one_cm":18693,"minecraft:sneak_time":5,"minecraft:mob_kills":3,"minecraft:jump":95,"minecraft:damage_dealt":342,"minecraft:leave_game":1,"minecraft:walk_on_water_one_cm":344,"minecraft:time_since_death":14375,"minecraft:fall_one_cm":2076,"minecraft:fly_one_cm":21018}},"DataVersion":2586}