{"stats":{"minecraft:mined":{"minecraft:grass":5,"minecraft:grass_block":1,"minecraft:oak_log":5,"minecraft:tall_grass":5,"minecraft:oak_leaves":2},"minecraft:crafted":{"minecraft:oak_planks":20,"minecraft:crafting_table":1},"minecraft:used":{"minecraft:wooden_sword":39,"minecraft:crafting_table":1},"minecraft:killed":{"minecraft:sheep":3,"minecraft:zombie":1,"blocklings:blockling":2},"minecraft:picked_up":{"minecraft:stick":3,"minecraft:rotten_flesh":2,"minecraft:wheat_seeds":1,"minecraft:oak_log":5,"minecraft:mutton":4,"minecraft:oak_planks":16,"minecraft:white_wool":3},"minecraft:custom":{"minecraft:time_since_rest":4195,"minecraft:play_one_minute":4195,"minecraft:sprint_one_cm":12608,"minecraft:damage_taken":34,"minecraft:walk_one_cm":17981,"minecraft:mob_kills":6,"minecraft:jump":29,"minecraft:damage_dealt_resisted":78,"minecraft:damage_dealt":725,"minecraft:time_since_death":4195,"minecraft:interact_with_crafting_table":4,"minecraft:fall_one_cm":627,"minecraft:fly_one_cm":4428}},"DataVersion":2586}