{"stats":{"minecraft:killed_by":{"minecraft:zombie":1},"minecraft:killed":{"minecraft:skeleton":1,"minecraft:sheep":3,"blocklings:blockling":2,"minecraft:zombie":7},"minecraft:broken":{"minecraft:wooden_sword":1},"minecraft:used":{"minecraft:wooden_sword":59,"minecraft:crafting_table":1,"minecraft:bread":7,"minecraft:oak_planks":13,"minecraft:white_bed":1,"minecraft:shield":5},"minecraft:picked_up":{"minecraft:stick":3,"minecraft:rotten_flesh":2,"minecraft:wheat_seeds":1,"minecraft:dandelion":2,"minecraft:oak_log":5,"minecraft:mutton":4,"minecraft:oak_planks":17,"minecraft:white_wool":3},"minecraft:custom":{"minecraft:crouch_one_cm":442,"minecraft:sneak_time":1368,"minecraft:time_since_rest":3241,"minecraft:play_one_minute":9524,"minecraft:deaths":1,"minecraft:sprint_one_cm":18036,"minecraft:damage_taken":609,"minecraft:walk_one_cm":33577,"minecraft:damage_blocked_by_shield":200,"minecraft:mob_kills":15,"minecraft:jump":109,"minecraft:damage_dealt_resisted":78,"minecraft:damage_dealt":2500,"minecraft:leave_game":1,"minecraft:time_since_death":3201,"minecraft:interact_with_crafting_table":5,"minecraft:fall_one_cm":1737,"minecraft:fly_one_cm":12041},"minecraft:crafted":{"minecraft:white_bed":1,"minecraft:oak_planks":20,"minecraft:crafting_table":1},"minecraft:mined":{"minecraft:grass":8,"minecraft:grass_block":1,"minecraft:oak_log":5,"minecraft:tall_grass":5,"minecraft:oak_planks":1,"minecraft:oak_leaves":2}},"DataVersion":2586}