{"stats":{"minecraft:mined":{"minecraft:grass":10,"minecraft:dead_bush":1,"minecraft:sand":10,"minecraft:cyan_bed":1},"minecraft:used":{"minecraft:wooden_sword":15,"minecraft:sand":10,"minecraft:bread":1,"minecraft:oak_planks":2},"minecraft:killed":{"minecraft:sheep":2,"blocklings:blockling":1},"minecraft:picked_up":{"minecraft:wheat_seeds":1,"minecraft:sand":10,"minecraft:poppy":2,"minecraft:cyan_bed":1,"minecraft:oak_planks":5,"minecraft:mutton":3,"minecraft:white_wool":2},"minecraft:custom":{"minecraft:time_since_rest":2510,"minecraft:play_one_minute":7243,"minecraft:crouch_one_cm":1137,"minecraft:sprint_one_cm":25963,"minecraft:damage_taken":38,"minecraft:walk_one_cm":7438,"minecraft:sneak_time":555,"minecraft:walk_under_water_one_cm":254,"minecraft:mob_kills":3,"minecraft:damage_dealt_resisted":47,"minecraft:jump":249,"minecraft:damage_dealt":352,"minecraft:leave_game":1,"minecraft:time_since_death":7243,"minecraft:walk_on_water_one_cm":1025,"minecraft:sleep_in_bed":3,"minecraft:swim_one_cm":3983,"minecraft:talked_to_villager":1,"minecraft:fall_one_cm":8319,"minecraft:fly_one_cm":70098}},"DataVersion":2586}