{"stats":{"minecraft:used":{"minecraft:bedrock":230,"minecraft:writable_book":3,"minecraft:dirt":27,"minecraft:spruce_door":1,"minecraft:written_book":1,"minecraft:lantern":7,"minecraft:grass_block":1,"minecraft:dispenser":1,"minecraft:oak_planks":4,"minecraft:stone_button":2,"minecraft:oak_sign":9,"minecraft:stone":10,"minecraft:obsidian":24},"minecraft:custom":{"minecraft:time_since_rest":11990,"minecraft:play_one_minute":22179,"minecraft:crouch_one_cm":3005,"minecraft:sprint_one_cm":141,"minecraft:walk_one_cm":31367,"minecraft:deaths":2,"minecraft:sneak_time":1724,"minecraft:jump":53,"minecraft:leave_game":1,"minecraft:time_since_death":11940,"minecraft:fly_one_cm":16714,"minecraft:inspect_dispenser":4},"minecraft:picked_up":{"minecraft:book":2,"minecraft:stone_button":1,"minecraft:lantern":1}},"DataVersion":2586}