{"stats":{"minecraft:custom":{"minecraft:jump":33,"minecraft:open_chest":2,"minecraft:time_since_rest":38025,"minecraft:play_one_minute":39826,"minecraft:crouch_one_cm":75,"minecraft:damage_taken":525,"minecraft:leave_game":5,"minecraft:sprint_one_cm":474,"minecraft:time_since_death":37994,"minecraft:walk_one_cm":21714,"minecraft:deaths":2,"minecraft:sneak_time":520,"minecraft:climb_one_cm":351,"minecraft:fly_one_cm":74645},"minecraft:killed_by":{"minecraft:zombie":2},"minecraft:picked_up":{"minecraft:written_book":1,"minecraft:lime_stained_glass":26}},"DataVersion":2586}