{"stats":{"minecraft:custom":{"minecraft:time_since_rest":2139,"minecraft:play_one_minute":27177,"minecraft:crouch_one_cm":3224,"minecraft:sprint_one_cm":141,"minecraft:deaths":4,"minecraft:walk_one_cm":44685,"minecraft:sneak_time":1864,"minecraft:jump":60,"minecraft:leave_game":2,"minecraft:time_since_death":2106,"minecraft:fly_one_cm":21945,"minecraft:inspect_dispenser":4},"minecraft:picked_up":{"minecraft:book":2,"minecraft:stone_button":1,"minecraft:lantern":1},"minecraft:used":{"minecraft:bedrock":230,"minecraft:writable_book":3,"minecraft:dirt":27,"minecraft:spruce_door":1,"minecraft:written_book":1,"minecraft:lantern":7,"minecraft:grass_block":1,"minecraft:dispenser":1,"minecraft:oak_planks":4,"minecraft:stone_button":2,"minecraft:oak_sign":9,"carryon:entity_item":4,"minecraft:stone":10,"minecraft:obsidian":24}},"DataVersion":2586}