{"stats":{"minecraft:used":{"minecraft:bedrock":248,"minecraft:writable_book":3,"minecraft:dirt":27,"minecraft:spruce_door":2,"minecraft:written_book":1,"minecraft:lantern":7,"minecraft:grass_block":1,"minecraft:dispenser":1,"minecraft:oak_planks":4,"minecraft:stone_button":2,"minecraft:oak_sign":10,"carryon:entity_item":4,"minecraft:white_bed":1,"minecraft:stone":10,"minecraft:obsidian":24},"minecraft:picked_up":{"minecraft:book":2,"minecraft:oak_sign":1,"minecraft:stone_button":1,"minecraft:lantern":1},"minecraft:custom":{"minecraft:time_since_rest":12565,"minecraft:crouch_one_cm":5218,"minecraft:play_one_minute":47367,"minecraft:sprint_one_cm":408,"minecraft:deaths":4,"minecraft:walk_one_cm":59704,"minecraft:sneak_time":2381,"minecraft:jump":65,"minecraft:leave_game":10,"minecraft:time_since_death":22296,"minecraft:sleep_in_bed":1,"minecraft:fly_one_cm":23224,"minecraft:inspect_dispenser":4}},"DataVersion":2586}