{
  "minecraft:recipes/tools/fishing_rod": {
    "criteria": {
      "has_string": "2024-06-05 20:09:17 +0000"
    },
    "done": true
  },
  "minecraft:recipes/food/cooked_mutton_from_campfire_cooking": {
    "criteria": {
      "has_mutton": "2024-06-05 19:05:45 +0000"
    },
    "done": true
  },
  "minecraft:recipes/decorations/smoker": {
    "criteria": {
      "has_furnace": "2024-06-05 19:50:41 +0000"
    },
    "done": true
  },
  "minecraft:recipes/building_blocks/purple_wool": {
    "criteria": {
      "has_white_wool": "2024-06-05 19:08:26 +0000"
    },
    "done": true
  },
  "minecraft:recipes/redstone/lever": {
    "criteria": {
      "has_cobblestone": "2024-06-05 19:07:43 +0000"
    },
    "done": true
  },
  "minecraft:recipes/building_blocks/cobblestone_stairs_from_cobblestone_stonecutting": {
    "criteria": {
      "has_cobblestone": "2024-06-05 19:07:43 +0000"
    },
    "done": true
  },
  "minecraft:recipes/building_blocks/magenta_concrete_powder": {
    "criteria": {
      "has_sand": "2024-06-05 19:13:37 +0000"
    },
    "done": true
  },
  "minecraft:recipes/combat/iron_sword": {
    "criteria": {
      "has_iron_ingot": "2024-06-05 19:39:28 +0000"
    },
    "done": true
  },
  "minecraft:recipes/misc/wheat": {
    "criteria": {
      "has_hay_block": "2024-06-05 19:24:09 +0000"
    },
    "done": true
  },
  "biomesoplenty:recipes/transportation/willow_boat": {
    "criteria": {
      "in_water": "2024-06-05 19:07:39 +0000"
    },
    "done": true
  },
  "minecraft:recipes/decorations/white_bed": {
    "criteria": {
      "has_white_wool": "2024-06-05 19:08:26 +0000"
    },
    "done": true
  },
  "minecraft:recipes/building_blocks/lime_concrete_powder": {
    "criteria": {
      "has_sand": "2024-06-05 19:13:37 +0000"
    },
    "done": true
  },
  "minecraft:recipes/tools/iron_pickaxe": {
    "criteria": {
      "has_iron_ingot": "2024-06-05 19:39:28 +0000"
    },
    "done": true
  },
  "minecraft:recipes/building_blocks/yellow_concrete_powder": {
    "criteria": {
      "has_sand": "2024-06-05 19:13:37 +0000"
    },
    "done": true
  },
  "minecraft:recipes/travelersbackpack/end_smithing_gold": {
    "criteria": {
      "has_gold_tier_upgrade": "2024-06-05 19:26:06 +0000"
    },
    "done": true
  },
  "minecraft:recipes/combat/leather_helmet": {
    "criteria": {
      "has_leather": "2024-06-05 19:10:07 +0000"
    },
    "done": true
  },
  "minecraft:recipes/decorations/crafting_table": {
    "criteria": {
      "has_planks": "2024-06-05 19:07:10 +0000"
    },
    "done": true
  },
  "minecraft:recipes/decorations/campfire": {
    "criteria": {
      "has_stick": "2024-06-05 19:07:27 +0000"
    },
    "done": true
  },
  "minecraft:recipes/building_blocks/magenta_wool": {
    "criteria": {
      "has_white_wool": "2024-06-05 19:08:26 +0000"
    },
    "done": true
  },
  "minecraft:recipes/tools/golden_hoe": {
    "criteria": {
      "has_gold_ingot": "2024-06-05 19:26:00 +0000"
    },
    "done": true
  },
  "minecraft:recipes/food/bread": {
    "criteria": {
      "has_the_recipe": "2024-06-05 19:24:33 +0000"
    },
    "done": true
  },
  "biomesoplenty:recipes/transportation/mahogany_boat": {
    "criteria": {
      "in_water": "2024-06-05 19:07:39 +0000"
    },
    "done": true
  },
  "iceandfire:iceandfire/root": {
    "criteria": {
      "tick": "2024-06-05 19:03:38 +0000"
    },
    "done": true
  },
  "minecraft:recipes/decorations/ladder": {
    "criteria": {
      "has_stick": "2024-06-05 19:07:27 +0000"
    },
    "done": true
  },
  "minecraft:recipes/travelersbackpack/redstone_smithing_gold": {
    "criteria": {
      "has_gold_tier_upgrade": "2024-06-05 19:26:06 +0000"
    },
    "done": true
  },
  "minecraft:recipes/misc/iron_nugget": {
    "criteria": {
      "has_iron_ingot": "2024-06-05 19:39:28 +0000"
    },
    "done": true
  },
  "minecraft:recipes/decorations/chest": {
    "criteria": {
      "has_lots_of_items": "2024-06-05 19:07:43 +0000"
    },
    "done": true
  },
  "minecraft:recipes/combat/golden_sword": {
    "criteria": {
      "has_gold_ingot": "2024-06-05 19:26:00 +0000"
    },
    "done": true
  },
  "minecraft:recipes/building_blocks/brown_concrete_powder": {
    "criteria": {
      "has_sand": "2024-06-05 19:13:37 +0000"
    },
    "done": true
  },
  "minecraft:recipes/tools/wooden_shovel": {
    "criteria": {
      "has_stick": "2024-06-05 19:07:27 +0000"
    },
    "done": true
  },
  "minecraft:recipes/travelersbackpack/coal_smithing_gold": {
    "criteria": {
      "has_gold_tier_upgrade": "2024-06-05 19:26:06 +0000"
    },
    "done": true
  },
  "minecraft:recipes/travelersbackpack/wolf_smithing_gold": {
    "criteria": {
      "has_gold_tier_upgrade": "2024-06-05 19:26:06 +0000"
    },
    "done": true
  },
  "minecraft:recipes/decorations/torch": {
    "criteria": {
      "has_stone_pickaxe": "2024-06-05 19:09:48 +0000"
    },
    "done": true
  },
  "aquaculture:recipes/tools/golden_fishing_rod": {
    "criteria": {
      "has_gold": "2024-06-05 19:26:00 +0000"
    },
    "done": true
  },
  "minecraft:recipes/building_blocks/cyan_wool": {
    "criteria": {
      "has_white_wool": "2024-06-05 19:08:26 +0000"
    },
    "done": true
  },
  "biomesoplenty:recipes/transportation/dead_boat": {
    "criteria": {
      "in_water": "2024-06-05 19:07:39 +0000"
    },
    "done": true
  },
  "minecraft:recipes/tools/shears": {
    "criteria": {
      "has_iron_ingot": "2024-06-05 19:39:28 +0000"
    },
    "done": true
  },
  "minecraft:recipes/misc/stick": {
    "criteria": {
      "has_planks": "2024-06-05 19:07:10 +0000"
    },
    "done": true
  },
  "minecraft:recipes/misc/iron_ingot_from_blasting": {
    "criteria": {
      "has_iron_ore": "2024-06-05 20:04:41 +0000"
    },
    "done": true
  },
  "minecraft:recipes/transportation/spruce_boat": {
    "criteria": {
      "in_water": "2024-06-05 19:07:39 +0000"
    },
    "done": true
  },
  "aquaculture:recipes/tools/wooden_fillet_knife": {
    "criteria": {
      "has_items": "2024-06-05 19:07:27 +0000"
    },
    "done": true
  },
  "minecraft:recipes/building_blocks/emerald_block": {
    "criteria": {
      "has_emerald": "2024-06-05 19:26:06 +0000"
    },
    "done": true
  },
  "minecraft:recipes/building_blocks/gray_wool": {
    "criteria": {
      "has_white_wool": "2024-06-05 19:08:26 +0000"
    },
    "done": true
  },
  "minecraft:recipes/food/cake": {
    "criteria": {
      "has_egg": "2024-06-05 19:47:45 +0000"
    },
    "done": true
  },
  "minecraft:recipes/building_blocks/polished_granite_from_granite_stonecutting": {
    "criteria": {
      "has_granite": "2024-06-05 19:48:47 +0000"
    },
    "done": true
  },
  "minecraft:recipes/misc/gold_nugget": {
    "criteria": {
      "has_gold_ingot": "2024-06-05 19:26:00 +0000"
    },
    "done": true
  },
  "minecraft:recipes/misc/sugar_from_sugar_cane": {
    "criteria": {
      "has_reeds": "2024-06-05 19:59:35 +0000"
    },
    "done": true
  },
  "minecraft:recipes/combat/iron_leggings": {
    "criteria": {
      "has_iron_ingot": "2024-06-05 19:39:28 +0000"
    },
    "done": true
  },
  "minecraft:husbandry/balanced_diet": {
    "criteria": {
      "chicken": "2024-06-05 19:47:50 +0000",
      "cooked_mutton": "2024-06-05 19:51:42 +0000",
      "bread": "2024-06-05 19:11:49 +0000"
    },
    "done": false
  },
  "minecraft:recipes/tools/wooden_hoe": {
    "criteria": {
      "has_stick": "2024-06-05 19:07:27 +0000"
    },
    "done": true
  },
  "minecraft:recipes/brewing/golden_carrot": {
    "criteria": {
      "has_gold_nugget": "2024-06-05 20:13:02 +0000"
    },
    "done": true
  },
  "minecraft:recipes/travelersbackpack/snow_smithing_gold": {
    "criteria": {
      "has_gold_tier_upgrade": "2024-06-05 19:26:06 +0000"
    },
    "done": true
  },
  "minecraft:recipes/combat/shield": {
    "criteria": {
      "has_iron_ingot": "2024-06-05 19:39:28 +0000"
    },
    "done": true
  },
  "minecraft:recipes/building_blocks/cobblestone_slab": {
    "criteria": {
      "has_cobblestone": "2024-06-05 19:07:43 +0000"
    },
    "done": true
  },
  "minecraft:recipes/travelersbackpack/blaze_smithing_gold": {
    "criteria": {
      "has_gold_tier_upgrade": "2024-06-05 19:26:06 +0000"
    },
    "done": true
  },
  "minecraft:recipes/misc/bucket": {
    "criteria": {
      "has_iron_ingot": "2024-06-05 19:39:28 +0000"
    },
    "done": true
  },
  "minecraft:recipes/travelersbackpack/diamond_smithing_gold": {
    "criteria": {
      "has_gold_tier_upgrade": "2024-06-05 19:26:06 +0000"
    },
    "done": true
  },
  "minecraft:recipes/decorations/gray_bed": {
    "criteria": {
      "has_gray_wool": "2024-06-05 19:48:10 +0000"
    },
    "done": true
  },
  "minecraft:recipes/building_blocks/cobblestone_stairs": {
    "criteria": {
      "has_cobblestone": "2024-06-05 19:07:43 +0000"
    },
    "done": true
  },
  "aquaculture:recipes/tools/gold_fillet_knife": {
    "criteria": {
      "has_items": "2024-06-05 19:26:00 +0000"
    },
    "done": true
  },
  "minecraft:recipes/redstone/hopper": {
    "criteria": {
      "has_iron_ingot": "2024-06-05 19:39:28 +0000"
    },
    "done": true
  },
  "biomesoplenty:recipes/transportation/magic_boat": {
    "criteria": {
      "in_water": "2024-06-05 19:07:39 +0000"
    },
    "done": true
  },
  "minecraft:recipes/travelersbackpack/pig_smithing_gold": {
    "criteria": {
      "has_gold_tier_upgrade": "2024-06-05 19:26:06 +0000"
    },
    "done": true
  },
  "minecraft:recipes/decorations/granite_wall": {
    "criteria": {
      "has_granite": "2024-06-05 19:48:47 +0000"
    },
    "done": true
  },
  "minecraft:recipes/travelersbackpack/netherite_smithing_gold": {
    "criteria": {
      "has_gold_tier_upgrade": "2024-06-05 19:26:06 +0000"
    },
    "done": true
  },
  "minecraft:recipes/decorations/white_banner": {
    "criteria": {
      "has_white_wool": "2024-06-05 19:08:26 +0000"
    },
    "done": true
  },
  "minecraft:recipes/building_blocks/light_gray_concrete_powder": {
    "criteria": {
      "has_sand": "2024-06-05 19:13:37 +0000"
    },
    "done": true
  },
  "minecraft:recipes/building_blocks/light_blue_concrete_powder": {
    "criteria": {
      "has_sand": "2024-06-05 19:13:37 +0000"
    },
    "done": true
  },
  "biomesoplenty:recipes/transportation/cherry_boat": {
    "criteria": {
      "in_water": "2024-06-05 19:07:39 +0000"
    },
    "done": true
  },
  "minecraft:recipes/travelersbackpack/ghast_smithing_gold": {
    "criteria": {
      "has_gold_tier_upgrade": "2024-06-05 19:26:06 +0000"
    },
    "done": true
  },
  "minecraft:recipes/travelersbackpack/horse_smithing_gold": {
    "criteria": {
      "has_gold_tier_upgrade": "2024-06-05 19:26:06 +0000"
    },
    "done": true
  },
  "minecraft:recipes/travelersbackpack/nether_smithing_gold": {
    "criteria": {
      "has_gold_tier_upgrade": "2024-06-05 19:26:06 +0000"
    },
    "done": true
  },
  "biomesoplenty:recipes/transportation/fir_boat": {
    "criteria": {
      "in_water": "2024-06-05 19:07:39 +0000"
    },
    "done": true
  },
  "minecraft:recipes/misc/leather_horse_armor": {
    "criteria": {
      "has_leather": "2024-06-05 19:10:07 +0000"
    },
    "done": true
  },
  "minecraft:recipes/combat/leather_leggings": {
    "criteria": {
      "has_leather": "2024-06-05 19:10:07 +0000"
    },
    "done": true
  },
  "minecraft:recipes/building_blocks/glass": {
    "criteria": {
      "has_sand": "2024-06-05 19:13:37 +0000"
    },
    "done": true
  },
  "minecraft:recipes/tools/golden_shovel": {
    "criteria": {
      "has_gold_ingot": "2024-06-05 19:26:00 +0000"
    },
    "done": true
  },
  "minecraft:recipes/combat/iron_helmet": {
    "criteria": {
      "has_iron_ingot": "2024-06-05 19:39:28 +0000"
    },
    "done": true
  },
  "minecraft:recipes/building_blocks/pink_concrete_powder": {
    "criteria": {
      "has_sand": "2024-06-05 19:13:37 +0000"
    },
    "done": true
  },
  "minecraft:recipes/combat/bow": {
    "criteria": {
      "has_string": "2024-06-05 20:09:17 +0000"
    },
    "done": true
  },
  "minecraft:recipes/redstone/oak_fence_gate": {
    "criteria": {
      "has_planks": "2024-06-05 19:07:10 +0000"
    },
    "done": true
  },
  "minecraft:recipes/redstone/tnt": {
    "criteria": {
      "has_gunpowder": "2024-06-05 19:42:00 +0000"
    },
    "done": true
  },
  "minecraft:recipes/food/cooked_chicken_from_smoking": {
    "criteria": {
      "has_chicken": "2024-06-05 19:47:46 +0000"
    },
    "done": true
  },
  "minecraft:recipes/travelersbackpack/gold_smithing_gold": {
    "criteria": {
      "has_gold_tier_upgrade": "2024-06-05 19:26:06 +0000"
    },
    "done": true
  },
  "minecraft:recipes/building_blocks/purple_concrete_powder": {
    "criteria": {
      "has_sand": "2024-06-05 19:13:37 +0000"
    },
    "done": true
  },
  "minecraft:recipes/decorations/iron_bars": {
    "criteria": {
      "has_iron_ingot": "2024-06-05 19:39:28 +0000"
    },
    "done": true
  },
  "minecraft:recipes/building_blocks/blue_wool": {
    "criteria": {
      "has_white_wool": "2024-06-05 19:08:26 +0000"
    },
    "done": true
  },
  "minecraft:recipes/building_blocks/gold_block": {
    "criteria": {
      "has_gold_ingot": "2024-06-05 19:26:00 +0000"
    },
    "done": true
  },
  "minecraft:story/obtain_armor": {
    "criteria": {
      "iron_leggings": "2024-06-05 19:28:41 +0000"
    },
    "done": true
  },
  "minecraft:recipes/travelersbackpack/villager_smithing_gold": {
    "criteria": {
      "has_gold_tier_upgrade": "2024-06-05 19:26:06 +0000"
    },
    "done": true
  },
  "minecraft:story/mine_stone": {
    "criteria": {
      "get_stone": "2024-06-05 19:07:43 +0000"
    },
    "done": true
  },
  "minecraft:recipes/redstone/target": {
    "criteria": {
      "has_hay_block": "2024-06-05 19:24:09 +0000"
    },
    "done": true
  },
  "minecraft:recipes/decorations/furnace": {
    "criteria": {
      "has_cobblestone": "2024-06-05 19:07:43 +0000"
    },
    "done": true
  },
  "minecraft:recipes/travelersbackpack/iron_smithing_gold": {
    "criteria": {
      "has_gold_tier_upgrade": "2024-06-05 19:26:06 +0000"
    },
    "done": true
  },
  "minecraft:recipes/transportation/minecart": {
    "criteria": {
      "has_iron_ingot": "2024-06-05 19:39:28 +0000"
    },
    "done": true
  },
  "minecraft:recipes/misc/yellow_dye_from_sunflower": {
    "criteria": {
      "has_double_plant": "2024-06-05 20:13:31 +0000"
    },
    "done": true
  },
  "minecraft:recipes/misc/charcoal": {
    "criteria": {
      "has_log": "2024-06-05 19:06:00 +0000"
    },
    "done": true
  },
  "minecraft:recipes/building_blocks/sandstone": {
    "criteria": {
      "has_sand": "2024-06-05 19:13:37 +0000"
    },
    "done": true
  },
  "minecraft:adventure/sleep_in_bed": {
    "criteria": {
      "slept_in_bed": "2024-06-05 19:41:03 +0000"
    },
    "done": true
  },
  "minecraft:recipes/travelersbackpack/ocelot_smithing_gold": {
    "criteria": {
      "has_gold_tier_upgrade": "2024-06-05 19:26:06 +0000"
    },
    "done": true
  },
  "minecraft:recipes/building_blocks/orange_wool": {
    "criteria": {
      "has_white_wool": "2024-06-05 19:08:26 +0000"
    },
    "done": true
  },
  "minecraft:recipes/tools/wooden_pickaxe": {
    "criteria": {
      "has_the_recipe": "2024-06-05 19:07:24 +0000"
    },
    "done": true
  },
  "minecraft:recipes/tools/iron_hoe": {
    "criteria": {
      "has_iron_ingot": "2024-06-05 19:39:28 +0000"
    },
    "done": true
  },
  "minecraft:recipes/building_blocks/cobblestone_slab_from_cobblestone_stonecutting": {
    "criteria": {
      "has_cobblestone": "2024-06-05 19:07:43 +0000"
    },
    "done": true
  },
  "minecraft:husbandry/root": {
    "criteria": {
      "consumed_item": "2024-06-05 19:11:49 +0000"
    },
    "done": true
  },
  "minecraft:recipes/transportation/birch_boat": {
    "criteria": {
      "in_water": "2024-06-05 19:07:39 +0000"
    },
    "done": true
  },
  "minecraft:recipes/food/golden_apple": {
    "criteria": {
      "has_gold_ingot": "2024-06-05 19:26:00 +0000"
    },
    "done": true
  },
  "minecraft:recipes/building_blocks/oak_stairs": {
    "criteria": {
      "has_planks": "2024-06-05 19:07:10 +0000"
    },
    "done": true
  },
  "minecraft:recipes/building_blocks/polished_granite_slab_from_granite_stonecutting": {
    "criteria": {
      "has_granite": "2024-06-05 19:48:47 +0000"
    },
    "done": true
  },
  "mostructures:root": {
    "criteria": {
      "very_simple_trigger": "2024-06-05 19:07:15 +0000"
    },
    "done": true
  },
  "minecraft:recipes/building_blocks/green_concrete_powder": {
    "criteria": {
      "has_sand": "2024-06-05 19:13:37 +0000"
    },
    "done": true
  },
  "minecraft:recipes/transportation/acacia_boat": {
    "criteria": {
      "in_water": "2024-06-05 19:07:39 +0000"
    },
    "done": true
  },
  "minecraft:recipes/tools/iron_shovel": {
    "criteria": {
      "has_iron_ingot": "2024-06-05 19:39:28 +0000"
    },
    "done": true
  },
  "mostructures:villager_market": {
    "criteria": {
      "villager_market": "2024-06-05 19:18:55 +0000"
    },
    "done": true
  },
  "minecraft:recipes/redstone/iron_trapdoor": {
    "criteria": {
      "has_iron_ingot": "2024-06-05 19:39:28 +0000"
    },
    "done": true
  },
  "aquaculture:recipes/tools/iron_fillet_knife": {
    "criteria": {
      "has_items": "2024-06-05 19:39:28 +0000"
    },
    "done": true
  },
  "aquaculture:recipes/tools/iron_fishing_rod": {
    "criteria": {
      "has_iron": "2024-06-05 19:39:28 +0000"
    },
    "done": true
  },
  "minecraft:recipes/travelersbackpack/lapis_smithing_gold": {
    "criteria": {
      "has_gold_tier_upgrade": "2024-06-05 19:26:06 +0000"
    },
    "done": true
  },
  "aquaculture:recipes/tools/stone_fillet_knife": {
    "criteria": {
      "has_items": "2024-06-05 19:07:43 +0000"
    },
    "done": true
  },
  "minecraft:adventure/root": {
    "criteria": {
      "killed_something": "2024-06-05 19:05:15 +0000"
    },
    "done": true
  },
  "minecraft:recipes/decorations/black_bed": {
    "criteria": {
      "has_black_wool": "2024-06-05 19:05:45 +0000"
    },
    "done": true
  },
  "minecraft:recipes/travelersbackpack/bee_smithing_gold": {
    "criteria": {
      "has_gold_tier_upgrade": "2024-06-05 19:26:06 +0000"
    },
    "done": true
  },
  "minecraft:recipes/building_blocks/white_concrete_powder": {
    "criteria": {
      "has_sand": "2024-06-05 19:13:37 +0000"
    },
    "done": true
  },
  "minecraft:recipes/decorations/item_frame": {
    "criteria": {
      "has_leather": "2024-06-05 19:10:07 +0000"
    },
    "done": true
  },
  "minecraft:recipes/tools/stone_hoe": {
    "criteria": {
      "has_cobblestone": "2024-06-05 19:07:43 +0000"
    },
    "done": true
  },
  "minecraft:recipes/building_blocks/white_wool_from_string": {
    "criteria": {
      "has_string": "2024-06-05 20:09:17 +0000"
    },
    "done": true
  },
  "minecraft:recipes/food/baked_potato_from_smoking": {
    "criteria": {
      "has_potato": "2024-06-05 19:19:36 +0000"
    },
    "done": true
  },
  "minecraft:adventure/kill_all_mobs": {
    "criteria": {
      "minecraft:skeleton": "2024-06-05 19:41:58 +0000",
      "minecraft:spider": "2024-06-05 19:15:27 +0000",
      "minecraft:husk": "2024-06-05 19:40:36 +0000",
      "minecraft:zombie": "2024-06-05 19:25:13 +0000"
    },
    "done": false
  },
  "minecraft:recipes/travelersbackpack/bat_smithing_gold": {
    "criteria": {
      "has_gold_tier_upgrade": "2024-06-05 19:26:06 +0000"
    },
    "done": true
  },
  "minecraft:recipes/building_blocks/granite_slab": {
    "criteria": {
      "has_granite": "2024-06-05 19:48:47 +0000"
    },
    "done": true
  },
  "minecraft:recipes/food/cooked_beef_from_smoking": {
    "criteria": {
      "has_beef": "2024-06-05 19:10:07 +0000"
    },
    "done": true
  },
  "minecraft:recipes/food/baked_potato": {
    "criteria": {
      "has_potato": "2024-06-05 19:19:36 +0000"
    },
    "done": true
  },
  "minecraft:recipes/decorations/white_carpet": {
    "criteria": {
      "has_white_wool": "2024-06-05 19:08:26 +0000"
    },
    "done": true
  },
  "minecraft:recipes/food/cooked_chicken_from_campfire_cooking": {
    "criteria": {
      "has_chicken": "2024-06-05 19:47:46 +0000"
    },
    "done": true
  },
  "minecraft:recipes/misc/iron_nugget_from_smelting": {
    "criteria": {
      "has_iron_leggings": "2024-06-05 19:28:41 +0000"
    },
    "done": true
  },
  "minecraft:recipes/food/cooked_mutton_from_smoking": {
    "criteria": {
      "has_mutton": "2024-06-05 19:05:45 +0000"
    },
    "done": true
  },
  "minecraft:recipes/travelersbackpack/melon_smithing_gold": {
    "criteria": {
      "has_gold_tier_upgrade": "2024-06-05 19:26:06 +0000"
    },
    "done": true
  },
  "minecraft:recipes/travelersbackpack/dragon_smithing_gold": {
    "criteria": {
      "has_gold_tier_upgrade": "2024-06-05 19:26:06 +0000"
    },
    "done": true
  },
  "minecraft:recipes/decorations/granite_wall_from_granite_stonecutting": {
    "criteria": {
      "has_granite": "2024-06-05 19:48:47 +0000"
    },
    "done": true
  },
  "minecraft:recipes/travelersbackpack/cake_smithing_gold": {
    "criteria": {
      "has_gold_tier_upgrade": "2024-06-05 19:26:06 +0000"
    },
    "done": true
  },
  "minecraft:recipes/travelersbackpack/standard_smithing_gold": {
    "criteria": {
      "has_gold_tier_upgrade": "2024-06-05 19:26:06 +0000"
    },
    "done": true
  },
  "minecraft:recipes/decorations/chain": {
    "criteria": {
      "has_iron_ingot": "2024-06-05 19:39:28 +0000"
    },
    "done": true
  },
  "minecraft:recipes/misc/gold_ingot_from_nuggets": {
    "criteria": {
      "has_gold_nugget": "2024-06-05 20:13:02 +0000"
    },
    "done": true
  },
  "minecraft:story/upgrade_tools": {
    "criteria": {
      "stone_pickaxe": "2024-06-05 19:09:48 +0000"
    },
    "done": true
  },
  "minecraft:recipes/building_blocks/polished_granite_stairs_from_granite_stonecutting": {
    "criteria": {
      "has_granite": "2024-06-05 19:48:47 +0000"
    },
    "done": true
  },
  "minecraft:recipes/decorations/oak_fence": {
    "criteria": {
      "has_planks": "2024-06-05 19:07:10 +0000"
    },
    "done": true
  },
  "minecraft:recipes/transportation/oak_boat": {
    "criteria": {
      "in_water": "2024-06-05 19:07:39 +0000"
    },
    "done": true
  },
  "minecraft:recipes/building_blocks/orange_concrete_powder": {
    "criteria": {
      "has_sand": "2024-06-05 19:13:37 +0000"
    },
    "done": true
  },
  "minecraft:recipes/food/baked_potato_from_campfire_cooking": {
    "criteria": {
      "has_potato": "2024-06-05 19:19:36 +0000"
    },
    "done": true
  },
  "minecraft:recipes/building_blocks/oak_slab": {
    "criteria": {
      "has_planks": "2024-06-05 19:07:10 +0000"
    },
    "done": true
  },
  "minecraft:recipes/building_blocks/cyan_concrete_powder": {
    "criteria": {
      "has_sand": "2024-06-05 19:13:37 +0000"
    },
    "done": true
  },
  "minecraft:recipes/combat/golden_boots": {
    "criteria": {
      "has_gold_ingot": "2024-06-05 19:26:00 +0000"
    },
    "done": true
  },
  "minecraft:recipes/tools/wooden_axe": {
    "criteria": {
      "has_stick": "2024-06-05 19:07:27 +0000"
    },
    "done": true
  },
  "minecraft:recipes/building_blocks/lime_wool": {
    "criteria": {
      "has_white_wool": "2024-06-05 19:08:26 +0000"
    },
    "done": true
  },
  "minecraft:recipes/building_blocks/granite_stairs": {
    "criteria": {
      "has_granite": "2024-06-05 19:48:47 +0000"
    },
    "done": true
  },
  "minecraft:recipes/misc/paper": {
    "criteria": {
      "has_reeds": "2024-06-05 19:59:35 +0000"
    },
    "done": true
  },
  "minecraft:recipes/building_blocks/black_wool": {
    "criteria": {
      "has_white_wool": "2024-06-05 19:08:26 +0000"
    },
    "done": true
  },
  "minecraft:recipes/combat/golden_chestplate": {
    "criteria": {
      "has_gold_ingot": "2024-06-05 19:26:00 +0000"
    },
    "done": true
  },
  "biomesoplenty:recipes/transportation/umbran_boat": {
    "criteria": {
      "in_water": "2024-06-05 19:07:39 +0000"
    },
    "done": true
  },
  "minecraft:recipes/decorations/loom": {
    "criteria": {
      "has_string": "2024-06-05 20:09:17 +0000"
    },
    "done": true
  },
  "biomesoplenty:recipes/transportation/palm_boat": {
    "criteria": {
      "in_water": "2024-06-05 19:07:39 +0000"
    },
    "done": true
  },
  "minecraft:recipes/building_blocks/green_wool": {
    "criteria": {
      "has_white_wool": "2024-06-05 19:08:26 +0000"
    },
    "done": true
  },
  "minecraft:recipes/travelersbackpack/sheep_smithing_gold": {
    "criteria": {
      "has_gold_tier_upgrade": "2024-06-05 19:26:06 +0000"
    },
    "done": true
  },
  "minecraft:recipes/building_blocks/brown_wool": {
    "criteria": {
      "has_white_wool": "2024-06-05 19:08:26 +0000"
    },
    "done": true
  },
  "minecraft:recipes/misc/blue_dye_from_cornflower": {
    "criteria": {
      "has_blue_flower": "2024-06-05 19:10:07 +0000"
    },
    "done": true
  },
  "mining_helmet:recipes/mining_helmet": {
    "criteria": {
      "has_iron": "2024-06-05 19:39:28 +0000"
    },
    "done": true
  },
  "biomesoplenty:recipes/transportation/redwood_boat": {
    "criteria": {
      "in_water": "2024-06-05 19:07:39 +0000"
    },
    "done": true
  },
  "minecraft:recipes/building_blocks/iron_block": {
    "criteria": {
      "has_iron_ingot": "2024-06-05 19:39:28 +0000"
    },
    "done": true
  },
  "minecraft:recipes/decorations/painting": {
    "criteria": {
      "has_wool": "2024-06-05 19:05:45 +0000"
    },
    "done": true
  },
  "minecraft:recipes/travelersbackpack/quartz_smithing_gold": {
    "criteria": {
      "has_gold_tier_upgrade": "2024-06-05 19:26:06 +0000"
    },
    "done": true
  },
  "minecraft:recipes/travelersbackpack/cow_smithing_gold": {
    "criteria": {
      "has_gold_tier_upgrade": "2024-06-05 19:26:06 +0000"
    },
    "done": true
  },
  "minecraft:recipes/misc/red_dye_from_poppy": {
    "criteria": {
      "has_red_flower": "2024-06-05 19:56:48 +0000"
    },
    "done": true
  },
  "minecraft:recipes/decorations/black_carpet": {
    "criteria": {
      "has_black_wool": "2024-06-05 19:05:45 +0000"
    },
    "done": true
  },
  "minecraft:recipes/combat/arrow": {
    "criteria": {
      "has_feather": "2024-06-05 19:47:46 +0000"
    },
    "done": true
  },
  "minecraft:recipes/building_blocks/coal_block": {
    "criteria": {
      "has_coal": "2024-06-05 19:49:19 +0000"
    },
    "done": true
  },
  "mowziesmobs:root": {
    "criteria": {
      "custom_test_name": "2024-06-05 19:03:38 +0000"
    },
    "done": true
  },
  "minecraft:recipes/redstone/light_weighted_pressure_plate": {
    "criteria": {
      "has_gold_ingot": "2024-06-05 19:26:00 +0000"
    },
    "done": true
  },
  "minecraft:recipes/travelersbackpack/wither_smithing_gold": {
    "criteria": {
      "has_gold_tier_upgrade": "2024-06-05 19:26:06 +0000"
    },
    "done": true
  },
  "minecraft:recipes/building_blocks/light_blue_wool": {
    "criteria": {
      "has_white_wool": "2024-06-05 19:08:26 +0000"
    },
    "done": true
  },
  "minecraft:recipes/combat/wooden_sword": {
    "criteria": {
      "has_stick": "2024-06-05 19:07:27 +0000"
    },
    "done": true
  },
  "minecraft:recipes/tools/stone_shovel": {
    "criteria": {
      "has_cobblestone": "2024-06-05 19:07:43 +0000"
    },
    "done": true
  },
  "minecraft:recipes/decorations/gray_banner": {
    "criteria": {
      "has_gray_wool": "2024-06-05 19:48:10 +0000"
    },
    "done": true
  },
  "minecraft:recipes/building_blocks/oak_planks": {
    "criteria": {
      "has_logs": "2024-06-05 19:06:00 +0000"
    },
    "done": true
  },
  "minecraft:recipes/building_blocks/blue_concrete_powder": {
    "criteria": {
      "has_sand": "2024-06-05 19:13:37 +0000"
    },
    "done": true
  },
  "minecraft:recipes/building_blocks/gray_concrete_powder": {
    "criteria": {
      "has_sand": "2024-06-05 19:13:37 +0000"
    },
    "done": true
  },
  "minecraft:recipes/travelersbackpack/chicken_smithing_gold": {
    "criteria": {
      "has_gold_tier_upgrade": "2024-06-05 19:26:06 +0000"
    },
    "done": true
  },
  "minecraft:recipes/building_blocks/granite_slab_from_granite_stonecutting": {
    "criteria": {
      "has_granite": "2024-06-05 19:48:47 +0000"
    },
    "done": true
  },
  "minecraft:recipes/tools/golden_axe": {
    "criteria": {
      "has_gold_ingot": "2024-06-05 19:26:00 +0000"
    },
    "done": true
  },
  "minecraft:recipes/tools/iron_axe": {
    "criteria": {
      "has_iron_ingot": "2024-06-05 19:39:28 +0000"
    },
    "done": true
  },
  "minecraft:recipes/combat/golden_helmet": {
    "criteria": {
      "has_gold_ingot": "2024-06-05 19:26:00 +0000"
    },
    "done": true
  },
  "minecraft:recipes/decorations/black_banner": {
    "criteria": {
      "has_black_wool": "2024-06-05 19:05:45 +0000"
    },
    "done": true
  },
  "minecraft:recipes/decorations/gray_carpet": {
    "criteria": {
      "has_gray_wool": "2024-06-05 19:48:10 +0000"
    },
    "done": true
  },
  "minecraft:recipes/redstone/tripwire_hook": {
    "criteria": {
      "has_string": "2024-06-05 20:09:17 +0000"
    },
    "done": true
  },
  "minecraft:recipes/redstone/oak_pressure_plate": {
    "criteria": {
      "has_planks": "2024-06-05 19:07:10 +0000"
    },
    "done": true
  },
  "minecraft:recipes/combat/iron_boots": {
    "criteria": {
      "has_iron_ingot": "2024-06-05 19:39:28 +0000"
    },
    "done": true
  },
  "minecraft:recipes/misc/bone_meal": {
    "criteria": {
      "has_bone": "2024-06-05 19:26:16 +0000"
    },
    "done": true
  },
  "minecraft:recipes/building_blocks/black_concrete_powder": {
    "criteria": {
      "has_sand": "2024-06-05 19:13:37 +0000"
    },
    "done": true
  },
  "minecraft:story/iron_tools": {
    "criteria": {
      "iron_pickaxe": "2024-06-05 19:39:47 +0000"
    },
    "done": true
  },
  "minecraft:recipes/building_blocks/oak_wood": {
    "criteria": {
      "has_log": "2024-06-05 19:06:00 +0000"
    },
    "done": true
  },
  "minecraft:story/root": {
    "criteria": {
      "crafting_table": "2024-06-05 19:07:15 +0000"
    },
    "done": true
  },
  "minecraft:recipes/combat/crossbow": {
    "criteria": {
      "has_stick": "2024-06-05 19:07:27 +0000"
    },
    "done": true
  },
  "minecraft:recipes/combat/iron_chestplate": {
    "criteria": {
      "has_iron_ingot": "2024-06-05 19:39:28 +0000"
    },
    "done": true
  },
  "minecraft:recipes/building_blocks/yellow_wool": {
    "criteria": {
      "has_white_wool": "2024-06-05 19:08:26 +0000"
    },
    "done": true
  },
  "iceandfire:iceandfire/kill_sea_serpent": {
    "criteria": {
      "killed_fire_dragon": "2024-06-05 20:09:44 +0000"
    },
    "done": true
  },
  "minecraft:recipes/decorations/oak_sign": {
    "criteria": {
      "has_oak_planks": "2024-06-05 19:07:10 +0000"
    },
    "done": true
  },
  "minecraft:recipes/redstone/oak_trapdoor": {
    "criteria": {
      "has_planks": "2024-06-05 19:07:10 +0000"
    },
    "done": true
  },
  "minecraft:recipes/building_blocks/granite_stairs_from_granite_stonecutting": {
    "criteria": {
      "has_granite": "2024-06-05 19:48:47 +0000"
    },
    "done": true
  },
  "minecraft:recipes/travelersbackpack/skeleton_smithing_gold": {
    "criteria": {
      "has_gold_tier_upgrade": "2024-06-05 19:26:06 +0000"
    },
    "done": true
  },
  "minecraft:recipes/building_blocks/red_concrete_powder": {
    "criteria": {
      "has_sand": "2024-06-05 19:13:37 +0000"
    },
    "done": true
  },
  "minecraft:recipes/misc/iron_nugget_from_blasting": {
    "criteria": {
      "has_iron_leggings": "2024-06-05 19:28:41 +0000"
    },
    "done": true
  },
  "minecraft:recipes/combat/leather_chestplate": {
    "criteria": {
      "has_leather": "2024-06-05 19:10:07 +0000"
    },
    "done": true
  },
  "minecraft:recipes/travelersbackpack/sandstone_smithing_gold": {
    "criteria": {
      "has_gold_tier_upgrade": "2024-06-05 19:26:06 +0000"
    },
    "done": true
  },
  "minecraft:adventure/kill_a_mob": {
    "criteria": {
      "minecraft:spider": "2024-06-05 19:15:27 +0000"
    },
    "done": true
  },
  "minecraft:recipes/redstone/oak_button": {
    "criteria": {
      "has_planks": "2024-06-05 19:07:10 +0000"
    },
    "done": true
  },
  "minecraft:recipes/tools/golden_pickaxe": {
    "criteria": {
      "has_gold_ingot": "2024-06-05 19:26:00 +0000"
    },
    "done": true
  },
  "minecraft:recipes/misc/iron_ingot": {
    "criteria": {
      "has_iron_ore": "2024-06-05 20:04:41 +0000"
    },
    "done": true
  },
  "minecraft:recipes/travelersbackpack/fox_smithing_gold": {
    "criteria": {
      "has_gold_tier_upgrade": "2024-06-05 19:26:06 +0000"
    },
    "done": true
  },
  "minecraft:recipes/building_blocks/stone": {
    "criteria": {
      "has_cobblestone": "2024-06-05 19:07:43 +0000"
    },
    "done": true
  },
  "minecraft:recipes/travelersbackpack/emerald_smithing_gold": {
    "criteria": {
      "has_gold_tier_upgrade": "2024-06-05 19:26:06 +0000"
    },
    "done": true
  },
  "minecraft:recipes/travelersbackpack/magma_cube_smithing_gold": {
    "criteria": {
      "has_gold_tier_upgrade": "2024-06-05 19:26:06 +0000"
    },
    "done": true
  },
  "minecraft:recipes/travelersbackpack/iron_golem_smithing_gold": {
    "criteria": {
      "has_gold_tier_upgrade": "2024-06-05 19:26:06 +0000"
    },
    "done": true
  },
  "biomesoplenty:recipes/transportation/hellbark_boat": {
    "criteria": {
      "in_water": "2024-06-05 19:07:39 +0000"
    },
    "done": true
  },
  "minecraft:recipes/food/cooked_beef": {
    "criteria": {
      "has_beef": "2024-06-05 19:10:07 +0000"
    },
    "done": true
  },
  "minecraft:adventure/adventuring_time": {
    "criteria": {
      "minecraft:forest": "2024-06-05 20:11:57 +0000",
      "minecraft:desert_hills": "2024-06-05 19:12:28 +0000",
      "minecraft:desert": "2024-06-05 19:10:56 +0000",
      "minecraft:birch_forest": "2024-06-05 20:09:07 +0000",
      "minecraft:deep_lukewarm_ocean": "2024-06-05 20:00:01 +0000",
      "minecraft:beach": "2024-06-05 19:13:00 +0000",
      "minecraft:dark_forest": "2024-06-05 19:15:07 +0000",
      "minecraft:river": "2024-06-05 19:12:41 +0000",
      "minecraft:lukewarm_ocean": "2024-06-05 19:13:14 +0000",
      "minecraft:savanna": "2024-06-05 19:18:44 +0000",
      "minecraft:plains": "2024-06-05 19:03:38 +0000"
    },
    "done": false
  },
  "minecraft:recipes/redstone/iron_door": {
    "criteria": {
      "has_iron_ingot": "2024-06-05 19:39:28 +0000"
    },
    "done": true
  },
  "minecraft:recipes/travelersbackpack/pumpkin_smithing_gold": {
    "criteria": {
      "has_gold_tier_upgrade": "2024-06-05 19:26:06 +0000"
    },
    "done": true
  },
  "storagedrawers:recipes/storagedrawers/oak_trim": {
    "criteria": {
      "has_planks": "2024-06-05 19:07:10 +0000"
    },
    "done": true
  },
  "minecraft:recipes/combat/stone_sword": {
    "criteria": {
      "has_cobblestone": "2024-06-05 19:07:43 +0000"
    },
    "done": true
  },
  "minecraft:recipes/travelersbackpack/hay_smithing_gold": {
    "criteria": {
      "has_gold_tier_upgrade": "2024-06-05 19:26:06 +0000"
    },
    "done": true
  },
  "minecraft:recipes/decorations/barrel": {
    "criteria": {
      "has_planks": "2024-06-05 19:07:10 +0000"
    },
    "done": true
  },
  "minecraft:recipes/decorations/cobblestone_wall": {
    "criteria": {
      "has_cobblestone": "2024-06-05 19:07:43 +0000"
    },
    "done": true
  },
  "minecraft:recipes/brewing/fermented_spider_eye": {
    "criteria": {
      "has_spider_eye": "2024-06-05 20:09:17 +0000"
    },
    "done": true
  },
  "minecraft:recipes/tools/stone_pickaxe": {
    "criteria": {
      "has_cobblestone": "2024-06-05 19:07:43 +0000"
    },
    "done": true
  },
  "minecraft:recipes/decorations/smithing_table": {
    "criteria": {
      "has_iron_ingot": "2024-06-05 19:39:28 +0000"
    },
    "done": true
  },
  "minecraft:recipes/redstone/oak_door": {
    "criteria": {
      "has_planks": "2024-06-05 19:07:10 +0000"
    },
    "done": true
  },
  "minecraft:recipes/combat/leather_boots": {
    "criteria": {
      "has_leather": "2024-06-05 19:10:07 +0000"
    },
    "done": true
  },
  "minecraft:recipes/transportation/jungle_boat": {
    "criteria": {
      "in_water": "2024-06-05 19:07:39 +0000"
    },
    "done": true
  },
  "minecraft:recipes/decorations/cobblestone_wall_from_cobblestone_stonecutting": {
    "criteria": {
      "has_cobblestone": "2024-06-05 19:07:43 +0000"
    },
    "done": true
  },
  "minecraft:recipes/travelersbackpack/cactus_smithing_gold": {
    "criteria": {
      "has_gold_tier_upgrade": "2024-06-05 19:26:06 +0000"
    },
    "done": true
  },
  "minecraft:recipes/redstone/heavy_weighted_pressure_plate": {
    "criteria": {
      "has_iron_ingot": "2024-06-05 19:39:28 +0000"
    },
    "done": true
  },
  "minecraft:recipes/transportation/dark_oak_boat": {
    "criteria": {
      "in_water": "2024-06-05 19:07:39 +0000"
    },
    "done": true
  },
  "minecraft:recipes/building_blocks/pink_wool": {
    "criteria": {
      "has_white_wool": "2024-06-05 19:08:26 +0000"
    },
    "done": true
  },
  "minecraft:recipes/travelersbackpack/squid_smithing_gold": {
    "criteria": {
      "has_gold_tier_upgrade": "2024-06-05 19:26:06 +0000"
    },
    "done": true
  },
  "minecraft:recipes/travelersbackpack/sponge_smithing_gold": {
    "criteria": {
      "has_gold_tier_upgrade": "2024-06-05 19:26:06 +0000"
    },
    "done": true
  },
  "minecraft:recipes/building_blocks/polished_granite": {
    "criteria": {
      "has_stone": "2024-06-05 19:48:47 +0000"
    },
    "done": true
  },
  "minecraft:recipes/combat/golden_leggings": {
    "criteria": {
      "has_gold_ingot": "2024-06-05 19:26:00 +0000"
    },
    "done": true
  },
  "minecraft:recipes/travelersbackpack/spider_smithing_gold": {
    "criteria": {
      "has_gold_tier_upgrade": "2024-06-05 19:26:06 +0000"
    },
    "done": true
  },
  "minecraft:recipes/decorations/lantern": {
    "criteria": {
      "has_iron_ingot": "2024-06-05 19:39:28 +0000"
    },
    "done": true
  },
  "biomesoplenty:recipes/transportation/jacaranda_boat": {
    "criteria": {
      "in_water": "2024-06-05 19:07:39 +0000"
    },
    "done": true
  },
  "minecraft:recipes/travelersbackpack/bookshelf_smithing_gold": {
    "criteria": {
      "has_gold_tier_upgrade": "2024-06-05 19:26:06 +0000"
    },
    "done": true
  },
  "minecraft:recipes/food/cooked_beef_from_campfire_cooking": {
    "criteria": {
      "has_beef": "2024-06-05 19:10:07 +0000"
    },
    "done": true
  },
  "minecraft:recipes/building_blocks/light_gray_wool": {
    "criteria": {
      "has_white_wool": "2024-06-05 19:08:26 +0000"
    },
    "done": true
  },
  "minecraft:recipes/food/cooked_chicken": {
    "criteria": {
      "has_chicken": "2024-06-05 19:47:46 +0000"
    },
    "done": true
  },
  "minecraft:recipes/building_blocks/red_wool": {
    "criteria": {
      "has_white_wool": "2024-06-05 19:08:26 +0000"
    },
    "done": true
  },
  "minecraft:recipes/decorations/soul_campfire": {
    "criteria": {
      "has_stick": "2024-06-05 19:07:27 +0000"
    },
    "done": true
  },
  "minecraft:story/smelt_iron": {
    "criteria": {
      "iron": "2024-06-05 19:39:28 +0000"
    },
    "done": true
  },
  "minecraft:recipes/tools/stone_axe": {
    "criteria": {
      "has_cobblestone": "2024-06-05 19:07:43 +0000"
    },
    "done": true
  },
  "minecraft:recipes/food/cooked_mutton": {
    "criteria": {
      "has_mutton": "2024-06-05 19:05:45 +0000"
    },
    "done": true
  },
  "minecraft:recipes/travelersbackpack/creeper_smithing_gold": {
    "criteria": {
      "has_gold_tier_upgrade": "2024-06-05 19:26:06 +0000"
    },
    "done": true
  },
  "minecraft:recipes/travelersbackpack/enderman_smithing_gold": {
    "criteria": {
      "has_gold_tier_upgrade": "2024-06-05 19:26:06 +0000"
    },
    "done": true
  },
  "DataVersion": 2586
}