{
  "iceandfire:iceandfire/root": {
    "criteria": {
      "tick": "2024-05-31 20:14:20 +0000"
    },
    "done": true
  },
  "minecraft:adventure/root": {
    "criteria": {
      "killed_by_something": "2024-05-31 20:14:58 +0000"
    },
    "done": true
  },
  "mowziesmobs:root": {
    "criteria": {
      "custom_test_name": "2024-05-31 20:14:20 +0000"
    },
    "done": true
  },
  "minecraft:adventure/adventuring_time": {
    "criteria": {
      "minecraft:plains": "2024-05-31 20:14:20 +0000"
    },
    "done": false
  },
  "DataVersion": 2586
}